-- MySQL dump 10.13  Distrib 8.0.25, for Win64 (x86_64)
--
-- Host: localhost    Database: groupomania_creation
-- ------------------------------------------------------
-- Server version	8.0.25

/*!40101 SET @OLD_CHARACTER_SET_CLIENT=@@CHARACTER_SET_CLIENT */;
/*!40101 SET @OLD_CHARACTER_SET_RESULTS=@@CHARACTER_SET_RESULTS */;
/*!40101 SET @OLD_COLLATION_CONNECTION=@@COLLATION_CONNECTION */;
/*!50503 SET NAMES utf8 */;
/*!40103 SET @OLD_TIME_ZONE=@@TIME_ZONE */;
/*!40103 SET TIME_ZONE='+00:00' */;
/*!40014 SET @OLD_UNIQUE_CHECKS=@@UNIQUE_CHECKS, UNIQUE_CHECKS=0 */;
/*!40014 SET @OLD_FOREIGN_KEY_CHECKS=@@FOREIGN_KEY_CHECKS, FOREIGN_KEY_CHECKS=0 */;
/*!40101 SET @OLD_SQL_MODE=@@SQL_MODE, SQL_MODE='NO_AUTO_VALUE_ON_ZERO' */;
/*!40111 SET @OLD_SQL_NOTES=@@SQL_NOTES, SQL_NOTES=0 */;

--
-- Table structure for table `comments`
--

DROP TABLE IF EXISTS `comments`;
/*!40101 SET @saved_cs_client     = @@character_set_client */;
/*!50503 SET character_set_client = utf8mb4 */;
CREATE TABLE `comments` (
  `id` int NOT NULL AUTO_INCREMENT,
  `userId` int NOT NULL,
  `postId` int NOT NULL,
  `comments` varchar(255) DEFAULT NULL,
  `createdAt` datetime NOT NULL,
  `updatedAt` datetime NOT NULL,
  PRIMARY KEY (`id`),
  KEY `userId` (`userId`),
  KEY `postId` (`postId`),
  CONSTRAINT `comments_ibfk_1` FOREIGN KEY (`userId`) REFERENCES `users` (`id`),
  CONSTRAINT `comments_ibfk_2` FOREIGN KEY (`postId`) REFERENCES `posts` (`id`) ON DELETE CASCADE
) ENGINE=InnoDB AUTO_INCREMENT=38 DEFAULT CHARSET=utf8mb4 COLLATE=utf8mb4_0900_ai_ci;
/*!40101 SET character_set_client = @saved_cs_client */;

--
-- Dumping data for table `comments`
--

LOCK TABLES `comments` WRITE;
/*!40000 ALTER TABLE `comments` DISABLE KEYS */;
INSERT INTO `comments` VALUES (31,5,15,'Bonjour Rogaya :) oui Trés Bien ','2021-06-21 08:46:04','2021-06-21 08:46:04'),(32,5,20,'Saluut Toi ?','2021-06-21 08:46:15','2021-06-21 08:46:15'),(33,5,14,'????','2021-06-21 08:46:32','2021-06-21 08:46:32'),(35,322,20,'Contente que tu sois parmi nous ❤️❤️❤️','2021-06-21 09:33:43','2021-06-21 09:33:43'),(36,4,27,'Trés Bien Kelly !! ?','2021-06-21 10:49:35','2021-06-21 10:49:35'),(37,324,27,'Coucou sava et toiii :) ','2021-06-21 13:52:59','2021-06-21 13:52:59');
/*!40000 ALTER TABLE `comments` ENABLE KEYS */;
UNLOCK TABLES;

--
-- Table structure for table `posts`
--

DROP TABLE IF EXISTS `posts`;
/*!40101 SET @saved_cs_client     = @@character_set_client */;
/*!50503 SET character_set_client = utf8mb4 */;
CREATE TABLE `posts` (
  `id` int NOT NULL AUTO_INCREMENT,
  `userId` int NOT NULL,
  `title` varchar(255) NOT NULL,
  `content` varchar(255) NOT NULL,
  `attachment` varchar(255) DEFAULT NULL,
  `isModerate` tinyint(1) DEFAULT NULL,
  `createdAt` datetime NOT NULL,
  `updatedAt` datetime NOT NULL,
  PRIMARY KEY (`id`),
  KEY `userId` (`userId`),
  CONSTRAINT `posts_ibfk_1` FOREIGN KEY (`userId`) REFERENCES `users` (`id`)
) ENGINE=InnoDB AUTO_INCREMENT=30 DEFAULT CHARSET=utf8mb4 COLLATE=utf8mb4_0900_ai_ci;
/*!40101 SET character_set_client = @saved_cs_client */;

--
-- Dumping data for table `posts`
--

LOCK TABLES `posts` WRITE;
/*!40000 ALTER TABLE `posts` DISABLE KEYS */;
INSERT INTO `posts` VALUES (14,308,'Mon chien que j\'aiime','❤️❤️❤️?','http://localhost:3000/images/7DTly.gif.gif.gif',0,'2021-06-17 09:32:04','2021-06-17 09:32:04'),(15,1,'Sa ce passe bien votre journée ','??','http://localhost:3000/images/gif-anime.gif1607808784553.gif.gif',0,'2021-06-17 09:33:57','2021-06-17 09:33:57'),(20,319,'Bonjour les développeurs','?','http://localhost:3000/images/Re6134ca04d9b7ff0882694b987ef1135.jpg.jpg.jpg',0,'2021-06-20 10:06:12','2021-06-20 10:07:37'),(27,322,'Bonjour','Comment allez vous Les dev ','http://localhost:3000/images/icon-left-font.png.png',0,'2021-06-21 09:34:32','2021-06-21 15:48:24'),(29,324,'??','Mon premier message','http://localhost:3000/images/arriere.jpg.jpg',0,'2021-06-21 13:53:53','2021-06-21 13:54:30');
/*!40000 ALTER TABLE `posts` ENABLE KEYS */;
UNLOCK TABLES;

--
-- Table structure for table `sequelizemeta`
--

DROP TABLE IF EXISTS `sequelizemeta`;
/*!40101 SET @saved_cs_client     = @@character_set_client */;
/*!50503 SET character_set_client = utf8mb4 */;
CREATE TABLE `sequelizemeta` (
  `name` varchar(255) COLLATE utf8_unicode_ci NOT NULL,
  PRIMARY KEY (`name`),
  UNIQUE KEY `name` (`name`)
) ENGINE=InnoDB DEFAULT CHARSET=utf8mb3 COLLATE=utf8_unicode_ci;
/*!40101 SET character_set_client = @saved_cs_client */;

--
-- Dumping data for table `sequelizemeta`
--

LOCK TABLES `sequelizemeta` WRITE;
/*!40000 ALTER TABLE `sequelizemeta` DISABLE KEYS */;
INSERT INTO `sequelizemeta` VALUES ('20200829085021-create-user.js'),('20200829085209-create-post.js'),('20200829085314-create-comment.js'),('20210615090653-create-like.js'),('20210616150714-create-like.js');
/*!40000 ALTER TABLE `sequelizemeta` ENABLE KEYS */;
UNLOCK TABLES;

--
-- Table structure for table `users`
--

DROP TABLE IF EXISTS `users`;
/*!40101 SET @saved_cs_client     = @@character_set_client */;
/*!50503 SET character_set_client = utf8mb4 */;
CREATE TABLE `users` (
  `id` int NOT NULL AUTO_INCREMENT,
  `email` varchar(255) NOT NULL,
  `username` varchar(255) NOT NULL,
  `password` varchar(255) NOT NULL,
  `role` varchar(255) NOT NULL,
  `isAdmin` tinyint(1) DEFAULT NULL,
  `latent` tinyint(1) DEFAULT NULL,
  `createdAt` datetime NOT NULL,
  `updatedAt` datetime NOT NULL,
  PRIMARY KEY (`id`)
) ENGINE=InnoDB AUTO_INCREMENT=325 DEFAULT CHARSET=utf8mb4 COLLATE=utf8mb4_0900_ai_ci;
/*!40101 SET character_set_client = @saved_cs_client */;

--
-- Dumping data for table `users`
--

LOCK TABLES `users` WRITE;
/*!40000 ALTER TABLE `users` DISABLE KEYS */;
INSERT INTO `users` VALUES (1,'hamdaouirogoya1994@outlook.fr','rogaya','$2b$10$j.WoxmJbtj.r/0WPO/5S6OH04nPUd.gQOuZ.QQzq2D.MhkRshrn26','Chargé com',1,1,'2021-06-13 13:47:10','2021-06-13 13:47:10'),(2,'hamdaouirogoya1994@outlook.fr','rogaya','$2b$10$1LSG4NLflryzphZ6c6CsFuZLeKra7WVwoMiFvTv4GTvDFFNzL/eM2','Chargé com',1,1,'2021-06-14 07:21:44','2021-06-14 07:21:44'),(3,'tmimimoncef@gmail.com','Moncef','$2b$10$vt9nHBfx74zCcWHlejJ7X.DAWpmhPhTz2bL6P2byRES0us1B8auBi','0',0,1,'2021-06-14 07:27:57','2021-06-14 07:27:57'),(4,'hamdaouichaima93@gmail.com','chaima','$2b$10$uhm.6NFIaDhQujyxlMG..OKlI3k0Fjr2rYpYG2FmUi/dURDpcPyF.','Assistante',0,1,'2021-06-14 07:30:45','2021-06-14 07:30:45'),(5,'hamdaouirogoya@hotmail.fr','Rima','$2b$10$8foU/IWIjeuCzD9SKnqEr.efH0JuVTL79bZjh59o/4yzsUjJoxZp.','designer',0,1,'2021-06-14 07:36:55','2021-06-14 07:36:55'),(6,'hamdaouirogoya1994@outlook.fr','rogaya','$2b$10$.wMhocD/ht9bMZWoR/OI5u3Qe9lsz983Gtl610BvgQAy1nNcjJ.Yq','Chargé com',1,1,'2021-06-14 07:46:37','2021-06-14 07:46:37'),(7,'hamdaouirogoya1994@outlook.fr','rogaya','$2b$10$ontxCif6tENv0gNftBaRN.wfl.udd/r5/GPzF00Ns/SHYNz.XuHF.','Chargé com',1,1,'2021-06-14 07:46:42','2021-06-14 07:46:42'),(8,'hamdaouirogoya1994@outlook.fr','rogaya','$2b$10$ZQAEbz5megb0twzJaDlzreupCjk3DRvAcVuvW0T12kHmIt0UDRQCa','Chargé com',1,1,'2021-06-14 07:46:46','2021-06-14 07:46:46'),(9,'hamdaouirogoya1994@outlook.fr','rogaya','$2b$10$xT24crYoA51mWe/9LqiDPOpSI9/OTCjATvYEw0S5oOP0EQbgAz1n6','Chargé com',1,1,'2021-06-14 07:46:49','2021-06-14 07:46:49'),(10,'hamdaouirogoya1994@outlook.fr','rogaya','$2b$10$nNCQNAYA9fBmKs.tQ/PpwuQDqgMHeQYZMuhBv.dcOdtsEl32C9hzK','Chargé com',1,1,'2021-06-14 07:46:54','2021-06-14 07:46:54'),(11,'hamdaouirogoya1994@outlook.fr','rogaya','$2b$10$z/3BMXyv9Jt6zmNY0KMsh.zAzTD/QrT0Fd0/qEQBMCoq2/5d266hq','Chargé com',1,1,'2021-06-14 08:00:58','2021-06-14 08:00:58'),(12,'hamdaouirogoya1994@outlook.fr','rogaya','$2b$10$rr1uViTrjBTSUaXito6pne3QJslBCCzm8RBd3DLmGDzGN4ZHBlQhe','Chargé com',1,1,'2021-06-14 08:01:12','2021-06-14 08:01:12'),(13,'hamdaouirogoya1994@outlook.fr','rogaya','$2b$10$3F0Kn/TdCsWKDFZKrHTXeeSw64vschzKXlYeReNdTzmHmP4ux.6O6','Chargé com',1,1,'2021-06-14 08:02:17','2021-06-14 08:02:17'),(14,'hamdaouirogoya1994@outlook.fr','rogaya','$2b$10$3nm.4aJBvX1F5cX5PWSwZOyJKq9DjY1lCQ14G5AN44g4CVltnGb1.','Chargé com',1,1,'2021-06-14 08:03:53','2021-06-14 08:03:53'),(15,'hamdaouirogoya1994@outlook.fr','rogaya','$2b$10$rtzwl3jWI2R7NvlHAQ/Dl.ad/6XJkbqHJDXiTe.jbmH6Z7dJd5MEy','Chargé com',1,1,'2021-06-14 13:43:59','2021-06-14 13:43:59'),(16,'hamdaouirogoya1994@outlook.fr','rogaya','$2b$10$yxpJ5.CK5qEaXbRsqhAsXOWX5tLS6W/RynbSlp4y0Jn9vT8bWQalO','Chargé com',1,1,'2021-06-14 13:44:26','2021-06-14 13:44:26'),(17,'hamdaouirogoya1994@outlook.fr','rogaya','$2b$10$sL7RSOPZi4CW7z3zRDqQwOcArkDAsHJFmAl7KiYlnS5JJSEWLPJVC','Chargé com',1,1,'2021-06-14 13:44:36','2021-06-14 13:44:36'),(18,'hamdaouirogoya1994@outlook.fr','rogaya','$2b$10$h0SKv9I3N474qvp9So3MGePwmaaX2C7AhIQN275JrZ6V.rVRNtYxG','Chargé com',1,1,'2021-06-14 13:44:46','2021-06-14 13:44:46'),(19,'hamdaouirogoya1994@outlook.fr','rogaya','$2b$10$pzEU0rnUXLvQ5JudkdJmEOHKPbI3GqqB6YY9c9gg19b1vopPdvMKm','Chargé com',1,1,'2021-06-14 13:45:43','2021-06-14 13:45:43'),(20,'hamdaouirogoya1994@outlook.fr','rogaya','$2b$10$C8dmn4u/3ud7dKT4JKIBeeOehFKhXVh/Gncf4xDDU5qAEc4qx.uKy','Chargé com',1,1,'2021-06-14 14:30:41','2021-06-14 14:30:41'),(21,'hamdaouirogoya1994@outlook.fr','rogaya','$2b$10$A5rNJQY8NMJunMvHLrb7GuLLn6TIL4TrqrQ6QCy08/Sd09oZAE3g6','Chargé com',1,1,'2021-06-14 14:32:05','2021-06-14 14:32:05'),(22,'hamdaouirogoya1994@outlook.fr','rogaya','$2b$10$pYHg3kCquoYPykquBVDxVeji2F/DX8yYlTaBoK/b4UnfB9NpDrwxO','Chargé com',1,1,'2021-06-14 14:33:35','2021-06-14 14:33:35'),(23,'hamdaouirogoya1994@outlook.fr','rogaya','$2b$10$cgX7W7k2lmlsJMJh2Yy0V.ZhO2LE/dKlimuQwL0xyVpUgurLqjB/e','Chargé com',1,1,'2021-06-14 14:36:40','2021-06-14 14:36:40'),(24,'hamdaouirogoya1994@outlook.fr','rogaya','$2b$10$KhbCMZWcJraoad6FWbCASuX21sl5DQhWt0oaa.K3qvv4SXewCKYbS','Chargé com',1,1,'2021-06-14 14:39:14','2021-06-14 14:39:14'),(25,'hamdaouirogoya1994@outlook.fr','rogaya','$2b$10$L5DCKq/PFnTyg26qmJeXre7JY8wI.IbgmQskSDlkbnE69RxRYo/iq','Chargé com',1,1,'2021-06-14 14:39:54','2021-06-14 14:39:54'),(26,'hamdaouirogoya1994@outlook.fr','rogaya','$2b$10$fp1PwOv/AzEAvcdWVNNsQ.fVxXNP9MpcnvbrewoVFNx4S9yMoRWGW','Chargé com',1,1,'2021-06-14 14:47:31','2021-06-14 14:47:31'),(27,'hamdaouirogoya1994@outlook.fr','rogaya','$2b$10$MmZQR9K0EcqBM.pn3BiT3OJcIa7FdHOpdym93GPUzY5e9ALhz3tpO','Chargé com',1,1,'2021-06-14 14:47:42','2021-06-14 14:47:42'),(28,'hamdaouirogoya1994@outlook.fr','rogaya','$2b$10$/6FcAGxA.8fe.dMZugT3wO12LFcmqf09vfy2gjuJd4UnfmwTuW.7W','Chargé com',1,1,'2021-06-14 15:18:51','2021-06-14 15:18:51'),(29,'hamdaouirogoya1994@outlook.fr','rogaya','$2b$10$2zJnApMxPsJE/9JFWca.oumkUXFEMOfjI8zTxb2RW1/IkFW5M7znW','Chargé com',1,1,'2021-06-14 15:19:42','2021-06-14 15:19:42'),(30,'hamdaouirogoya1994@outlook.fr','rogaya','$2b$10$uMIKNZrOpN4buROswxzzIur2KXwm9ZvwkcLFCe0UVf6I897e8kjuG','Chargé com',1,1,'2021-06-14 15:25:22','2021-06-14 15:25:22'),(31,'hamdaouirogoya1994@outlook.fr','rogaya','$2b$10$64IIKfaELstOK9/qmiIXNOeQbfQ7brejxTHhPskAfKz8qw3k6bhgG','Chargé com',1,1,'2021-06-14 15:26:10','2021-06-14 15:26:10'),(32,'hamdaouirogoya1994@outlook.fr','rogaya','$2b$10$IfR6ckLwIJGkoTx21nQhOuLpVHiGyU.5SvrjtfI33iJTFMvcPsqoe','Chargé com',1,1,'2021-06-15 06:08:12','2021-06-15 06:08:12'),(33,'hamdaouirogoya1994@outlook.fr','rogaya','$2b$10$9hjkqEGTkfoE4zNvgT8JqOBIs6mpa11hdRacZMSpgadVIZ/fxOVIa','Chargé com',1,1,'2021-06-15 06:14:20','2021-06-15 06:14:20'),(34,'hamdaouirogoya1994@outlook.fr','rogaya','$2b$10$tCZ8/zH5OHWFOyscsPiMuefgzOvSZsCfVGw3fd46DFSoSvfCHWfPC','Chargé com',1,1,'2021-06-15 08:25:54','2021-06-15 08:25:54'),(35,'hamdaouirogoya1994@outlook.fr','rogaya','$2b$10$qhSUD4dhvdfBurxzQV9SGemsuR7kw.rninffFKEThGBF9l0xaXJKC','Chargé com',1,1,'2021-06-15 09:01:31','2021-06-15 09:01:31'),(36,'hamdaouirogoya1994@outlook.fr','rogaya','$2b$10$QH2U3x3Z4UgNPEjJ6gW/Z.os7xP/O40/uzfaz4xQCKAyShyALyMxO','Chargé com',1,1,'2021-06-15 09:01:44','2021-06-15 09:01:44'),(37,'hamdaouirogoya1994@outlook.fr','rogaya','$2b$10$TyLUqUBno18yqrwc0/Vt8ORMtjwcMdjkryPclCy9YANvA/W8WQ.uS','Chargé com',1,1,'2021-06-15 09:01:52','2021-06-15 09:01:52'),(38,'hamdaouirogoya1994@outlook.fr','rogaya','$2b$10$Wm7jwXoeTt2Et8v.IEnch.oqKY7TE6A/00nQku3W5pfkeSlTvtAQy','Chargé com',1,1,'2021-06-15 09:01:55','2021-06-15 09:01:55'),(39,'hamdaouirogoya1994@outlook.fr','rogaya','$2b$10$jaEUJYbJGujgPF8UDGodnOSDMV7LguydDXYQYXy1yM8U7l/ey0DqC','Chargé com',1,1,'2021-06-15 09:02:07','2021-06-15 09:02:07'),(40,'hamdaouirogoya1994@outlook.fr','rogaya','$2b$10$iHR6gAl5FMNEP2VGDVZRiOzR.EsyjugXdaB626QD6pX7kR.TuWSzS','Chargé com',1,1,'2021-06-15 09:02:19','2021-06-15 09:02:19'),(41,'hamdaouirogoya1994@outlook.fr','rogaya','$2b$10$CJ3/nCPc/TdBSh6syea0EuROdTJp.tO2XToiqKZWycDQZ9dHVGYtu','Chargé com',1,1,'2021-06-15 09:02:32','2021-06-15 09:02:32'),(42,'hamdaouirogoya1994@outlook.fr','rogaya','$2b$10$to2qBgz4R9xUStQSLBqYb.By21QnsK5C3Fbax3YmvxVG0gY593Pa6','Chargé com',1,1,'2021-06-15 09:07:04','2021-06-15 09:07:04'),(43,'hamdaouirogoya1994@outlook.fr','rogaya','$2b$10$yA.tJ8LjDhAhdLE/mAeWzOeuBSFVPTo7HUbbkNEgQVhMvhyE71oI2','Chargé com',1,1,'2021-06-15 09:30:21','2021-06-15 09:30:21'),(44,'hamdaouirogoya1994@outlook.fr','rogaya','$2b$10$bYqUb2L0oTel/fn5zGn1MOZKVQxD0uCgtgwh5rz8EuL737Z5EFBJ.','Chargé com',1,1,'2021-06-15 09:32:24','2021-06-15 09:32:24'),(45,'hamdaouirogoya1994@outlook.fr','rogaya','$2b$10$EDzTtecLRMRwVZu0koEQL.hgcPV5eUt3gy.KYLR7XJq5E/UMNrGZK','Chargé com',1,1,'2021-06-15 09:32:50','2021-06-15 09:32:50'),(46,'hamdaouirogoya1994@outlook.fr','rogaya','$2b$10$LyBTd2sa30W0jaQzOoZgAOOjOMmAe4WwSsaC4Z8gGiyZEAp/PdCQe','Chargé com',1,1,'2021-06-15 09:32:58','2021-06-15 09:32:58'),(47,'hamdaouirogoya1994@outlook.fr','rogaya','$2b$10$VT7gM/E7dBtBb08ZcBSEkunyL/TRhEyCsT99G6MuXbYLMuNkrCjA2','Chargé com',1,1,'2021-06-15 09:33:06','2021-06-15 09:33:06'),(48,'hamdaouirogoya1994@outlook.fr','rogaya','$2b$10$aq9VMF.qLylFMLX.h9OUguUhCc9dQey8vjewVzsgFkH5I.sl/Vi8y','Chargé com',1,1,'2021-06-15 09:33:11','2021-06-15 09:33:11'),(49,'hamdaouirogoya1994@outlook.fr','rogaya','$2b$10$TiEK/gdS4u51pp05kUrIYO807ZJaPMgCFEPSDh3YSkGTXsZfW.vFC','Chargé com',1,1,'2021-06-15 09:33:40','2021-06-15 09:33:40'),(50,'hamdaouirogoya1994@outlook.fr','rogaya','$2b$10$eQoVm7AxCqivHniMxuoECOr4c77xTp2zENMmOrWeXFe/.l3ObID/q','Chargé com',1,1,'2021-06-15 09:33:57','2021-06-15 09:33:57'),(51,'hamdaouirogoya1994@outlook.fr','rogaya','$2b$10$nKYq1sJnDoPu9YK7dR.g4.vH.VLyWLRwBg9xvAurTznTm4zKHETa6','Chargé com',1,1,'2021-06-15 09:34:03','2021-06-15 09:34:03'),(52,'hamdaouirogoya1994@outlook.fr','rogaya','$2b$10$rO0BQjiY2v47At3AzPQTEeuv5xdduHQfT.Uo2i7su.xzDL0zUNlUq','Chargé com',1,1,'2021-06-15 09:34:09','2021-06-15 09:34:09'),(53,'hamdaouirogoya1994@outlook.fr','rogaya','$2b$10$WUYM1zWgV2WHvLvKPq7NjOUoFfidOGJY9DMUV7EqF0Q19hXkrd/pa','Chargé com',1,1,'2021-06-15 09:34:23','2021-06-15 09:34:23'),(54,'hamdaouirogoya1994@outlook.fr','rogaya','$2b$10$c4vggnGS/.ohw9zWbq2zv.6n8jjOw6jHKEhR0xZBHw6VZFvZ54BZu','Chargé com',1,1,'2021-06-15 09:34:41','2021-06-15 09:34:41'),(55,'hamdaouirogoya1994@outlook.fr','rogaya','$2b$10$yOZa.xfpZeXLExWXnY7xy.LhjYvDWquqWnfNNXHVffYmyK/f5b4xq','Chargé com',1,1,'2021-06-15 09:34:48','2021-06-15 09:34:48'),(56,'hamdaouirogoya1994@outlook.fr','rogaya','$2b$10$orlrjbO97FBWMJIvpgnnCukkIOfKE5mUuKIv7TDM4gtDEwtt5I/xa','Chargé com',1,1,'2021-06-15 09:35:23','2021-06-15 09:35:23'),(57,'hamdaouirogoya1994@outlook.fr','rogaya','$2b$10$LguXaQ7JU389xc4jmQlkf.n57KArSkZI1DZMs06qp32RX0SSjLovi','Chargé com',1,1,'2021-06-15 09:35:34','2021-06-15 09:35:34'),(58,'hamdaouirogoya1994@outlook.fr','rogaya','$2b$10$ZAe8Kq.4Zvpoa3SOTCWa3eEnbdDw1hb0PV3jki6D97cqdSY062YBi','Chargé com',1,1,'2021-06-15 09:35:40','2021-06-15 09:35:40'),(59,'hamdaouirogoya1994@outlook.fr','rogaya','$2b$10$nEfDYhmyu6uRBibFhOQHqeksfDvhEJDvN.iu4hu26ITxcX2u2TJo2','Chargé com',1,1,'2021-06-15 09:35:44','2021-06-15 09:35:44'),(60,'hamdaouirogoya1994@outlook.fr','rogaya','$2b$10$9LU7NntRnrSAK70t4rbhAOOzB/WGu9UJQYCg4vYhl1UPjaP94P30K','Chargé com',1,1,'2021-06-15 09:35:48','2021-06-15 09:35:48'),(61,'hamdaouirogoya1994@outlook.fr','rogaya','$2b$10$iVxPLz2odcbyIeIWA.vu4uuu.uKx788mWGIdJWDd3MRzlDoLXnzNe','Chargé com',1,1,'2021-06-15 09:35:54','2021-06-15 09:35:54'),(62,'hamdaouirogoya1994@outlook.fr','rogaya','$2b$10$Zy7IOOvvZr6SSjedI3mKAug4oqbW2E4FaIztUsXCzNMo9mQPqzIaG','Chargé com',1,1,'2021-06-15 09:36:05','2021-06-15 09:36:05'),(63,'hamdaouirogoya1994@outlook.fr','rogaya','$2b$10$JHXTBYzwMy6iFTh57wB8yOcvNiEswENR30upR9xoETF/JLmd6ZcZy','Chargé com',1,1,'2021-06-15 09:36:08','2021-06-15 09:36:08'),(64,'hamdaouirogoya1994@outlook.fr','rogaya','$2b$10$cTFlx2RMW3j1cD2asRuuHOKbUV9RaV1KQ23eslBxEItFbts.Jg7pK','Chargé com',1,1,'2021-06-15 09:36:17','2021-06-15 09:36:17'),(65,'hamdaouirogoya1994@outlook.fr','rogaya','$2b$10$htx18D9QkcU9GIuZC/u/2u2SEA.VeggK1iRUAKsgXhIK4HPePXL3.','Chargé com',1,1,'2021-06-15 09:36:37','2021-06-15 09:36:37'),(66,'hamdaouirogoya1994@outlook.fr','rogaya','$2b$10$hSl5lT6zTM8VrzmEfjeR6uBUs25BAHIwkqhvioYk4Cmij7SeGpG72','Chargé com',1,1,'2021-06-15 09:36:42','2021-06-15 09:36:42'),(67,'hamdaouirogoya1994@outlook.fr','rogaya','$2b$10$MX8Ik3yNbuSD7Xp8bOl/6uXWBPYbjaMVwVP1ramhb4.yytXm9fut6','Chargé com',1,1,'2021-06-15 09:36:45','2021-06-15 09:36:45'),(68,'hamdaouirogoya1994@outlook.fr','rogaya','$2b$10$WTUJRyu4P1c88fn4MBRihu4V6POJuAH7LVUrZrJMEP6kZ2pvcpsdi','Chargé com',1,1,'2021-06-15 09:36:56','2021-06-15 09:36:56'),(69,'hamdaouirogoya1994@outlook.fr','rogaya','$2b$10$Nx4UD7oapIIWQN.r/iV/FO/35/Bk1fcuElfb0SRABF8gYoo3VziUe','Chargé com',1,1,'2021-06-15 09:37:00','2021-06-15 09:37:00'),(70,'hamdaouirogoya1994@outlook.fr','rogaya','$2b$10$XjDmNPgo2o12y1rTFhz2gOxm7deQ2.Z4B65e6.fsmKkpdpM7Gf16W','Chargé com',1,1,'2021-06-15 09:37:32','2021-06-15 09:37:32'),(71,'hamdaouirogoya1994@outlook.fr','rogaya','$2b$10$nGNN3l9Pui9tw5DNFYEBG.2RLakT6/AlhnYjtfD1gvVlHf8ZpJl1a','Chargé com',1,1,'2021-06-15 09:37:40','2021-06-15 09:37:40'),(72,'hamdaouirogoya1994@outlook.fr','rogaya','$2b$10$BeM0vNWuFFyYn9mPU7JcDuRovNL0ch9rYgchObt3RIHVZnYBHYVvK','Chargé com',1,1,'2021-06-15 09:38:05','2021-06-15 09:38:05'),(73,'hamdaouirogoya1994@outlook.fr','rogaya','$2b$10$E86WExd3D6aeuXqOdv/k7.Jrn74QGvRslUpJeB9xjEg7kF1wxpU9e','Chargé com',1,1,'2021-06-15 09:38:10','2021-06-15 09:38:10'),(74,'hamdaouirogoya1994@outlook.fr','rogaya','$2b$10$0a/9FyVTGXz.r2GnHOKV2.K0EhpGKiVsGx0rMACsVZyV65/DVr8H.','Chargé com',1,1,'2021-06-15 09:38:20','2021-06-15 09:38:20'),(75,'hamdaouirogoya1994@outlook.fr','rogaya','$2b$10$fjeMcbPmcAWcQ36Ti.2UueAuuxWpUJJFzDoExeRZisn3RzWXcMDAm','Chargé com',1,1,'2021-06-15 09:38:40','2021-06-15 09:38:40'),(76,'hamdaouirogoya1994@outlook.fr','rogaya','$2b$10$qQkfkL4av2aFGdoVHM7xseBG96up/dwhCel.3HpMhPq0NVZmzM73q','Chargé com',1,1,'2021-06-15 09:38:43','2021-06-15 09:38:43'),(77,'hamdaouirogoya1994@outlook.fr','rogaya','$2b$10$HWaZCd1HAnKfCXWbleDg3eAEUVSjaLEp087njwZomJQE/vNsayflC','Chargé com',1,1,'2021-06-15 09:39:14','2021-06-15 09:39:14'),(78,'hamdaouirogoya1994@outlook.fr','rogaya','$2b$10$qtN1IE6gojB8OLeH2AxtoORDCy71HJTQUwJBZ5JJzhvnEJl5md5DC','Chargé com',1,1,'2021-06-15 09:39:32','2021-06-15 09:39:32'),(79,'hamdaouirogoya1994@outlook.fr','rogaya','$2b$10$nxacXllVHkx0CL29N2Ffi.oDY5.OZOZ60bHMKrUUOjpljueAYRqbe','Chargé com',1,1,'2021-06-15 09:39:46','2021-06-15 09:39:46'),(80,'hamdaouirogoya1994@outlook.fr','rogaya','$2b$10$6TbOD1flk/FpK3bFviKRPuFia425OR8uEOMsXq6/Q8pDUi5yhHJ5q','Chargé com',1,1,'2021-06-15 09:39:51','2021-06-15 09:39:51'),(81,'hamdaouirogoya1994@outlook.fr','rogaya','$2b$10$lVpFWkyKSrn59.FWRaqjauGUFW9tII80iiGxYJutyguFajZRzcEBS','Chargé com',1,1,'2021-06-15 09:40:00','2021-06-15 09:40:00'),(82,'hamdaouirogoya1994@outlook.fr','rogaya','$2b$10$2NnEI/9RKFOaSjWshZ5OeeLNRiiOPtrPaI9jU6KJmWX4kkUVjR5b2','Chargé com',1,1,'2021-06-15 09:40:22','2021-06-15 09:40:22'),(83,'hamdaouirogoya1994@outlook.fr','rogaya','$2b$10$uI/c/P.OlPMAGSpJtqlO0.9qPfAZFkQk5VGwcHZ/MW0A0VXEfdiH6','Chargé com',1,1,'2021-06-15 09:40:33','2021-06-15 09:40:33'),(84,'hamdaouirogoya1994@outlook.fr','rogaya','$2b$10$Fl4PPrFk1eyaFV.HUF2xROqKUUylGq0p1phDDa6eXmhUg4/AQCVNS','Chargé com',1,1,'2021-06-15 09:40:45','2021-06-15 09:40:45'),(85,'hamdaouirogoya1994@outlook.fr','rogaya','$2b$10$xdmsKR2yGbTHwDySDy/HPu8vZPS7HMbyhZn.JFbkA3giEReIZ1Kie','Chargé com',1,1,'2021-06-15 09:40:57','2021-06-15 09:40:57'),(86,'hamdaouirogoya1994@outlook.fr','rogaya','$2b$10$LN1uz.OOwSayVXCPFKtiYOKR2/C.irX7d0x3UVItDbdMgmrhhAowq','Chargé com',1,1,'2021-06-15 09:41:04','2021-06-15 09:41:04'),(87,'hamdaouirogoya1994@outlook.fr','rogaya','$2b$10$4vi87pGNLMUAMW.OoA8mvOGbOnahoVaaB4wN1XOS.rZ8c10MYPa6u','Chargé com',1,1,'2021-06-15 09:41:20','2021-06-15 09:41:20'),(88,'hamdaouirogoya1994@outlook.fr','rogaya','$2b$10$zDDBz71CeNdu3MiPuC7EuuLRDUJh9ok3AeMs/BBiEo2GiyXh1BO3.','Chargé com',1,1,'2021-06-15 09:41:29','2021-06-15 09:41:29'),(89,'hamdaouirogoya1994@outlook.fr','rogaya','$2b$10$lsxNc4y4N1UpFPaw/iHTce3u6MNmkPN1xawDWqEIrVmhkNXG9CuQC','Chargé com',1,1,'2021-06-15 09:41:45','2021-06-15 09:41:45'),(90,'hamdaouirogoya1994@outlook.fr','rogaya','$2b$10$ezU/EWkzLGG7O4eUMDET5OBbD5rR6AwynnYmg5wUqjtDRgmuZIs6m','Chargé com',1,1,'2021-06-15 09:41:53','2021-06-15 09:41:53'),(91,'hamdaouirogoya1994@outlook.fr','rogaya','$2b$10$N3NHf4oF/MF06dyteldmQO.sG0sFEg7.6TrnqLdt9zufIHwGFvpUC','Chargé com',1,1,'2021-06-15 09:41:59','2021-06-15 09:41:59'),(92,'hamdaouirogoya1994@outlook.fr','rogaya','$2b$10$KYNOnLp3lam4AKw/KxJCTOb.qcwigJYQT0d6JLFRAGWo.EzwePWnK','Chargé com',1,1,'2021-06-15 09:42:05','2021-06-15 09:42:05'),(93,'hamdaouirogoya1994@outlook.fr','rogaya','$2b$10$zz7/zv44aufq.mNAQXfiSO2YYfRW5HZlu5mP6Dei4lfR2Ts3WIusS','Chargé com',1,1,'2021-06-15 09:42:10','2021-06-15 09:42:10'),(94,'hamdaouirogoya1994@outlook.fr','rogaya','$2b$10$sntD2i5ld7AMrM60JfZS6eBME9vcjC2IX1W1IcjNvcmQrko93dIfG','Chargé com',1,1,'2021-06-15 09:42:14','2021-06-15 09:42:14'),(95,'hamdaouirogoya1994@outlook.fr','rogaya','$2b$10$GRqL5wMv84aWnFXrnjMNue5BsluxkQotPn7Dg11hy20WEIVCs7CmG','Chargé com',1,1,'2021-06-15 09:42:19','2021-06-15 09:42:19'),(96,'hamdaouirogoya1994@outlook.fr','rogaya','$2b$10$zPeqv3s.IBhkNE8ykuWg1eJ0.FcNK4gYxGanJBhY6QzJDC9loCcGe','Chargé com',1,1,'2021-06-15 09:42:26','2021-06-15 09:42:26'),(97,'hamdaouirogoya1994@outlook.fr','rogaya','$2b$10$Ko04dyrhcHZ2XbM8vDaHGOo1o/6.wPjeUn1CEYa0j.Jo4Qu4KNgeW','Chargé com',1,1,'2021-06-15 09:42:30','2021-06-15 09:42:30'),(98,'hamdaouirogoya1994@outlook.fr','rogaya','$2b$10$tJteqRyO7ntz/Xn6GFDr8uyQ5SYHYBK8VfPrIngS9RihyvvNGTnna','Chargé com',1,1,'2021-06-15 09:42:38','2021-06-15 09:42:38'),(99,'hamdaouirogoya1994@outlook.fr','rogaya','$2b$10$I8lpKDsWCcNAqTBBVqfpDekrvcGx6VuGwf6qouc7A9YE4gfwpAdwm','Chargé com',1,1,'2021-06-15 09:42:47','2021-06-15 09:42:47'),(100,'hamdaouirogoya1994@outlook.fr','rogaya','$2b$10$f7Shazy9wgzQc1IxWRQRN.mjD9UCOl1VQRmrX/yzZV654jdDgmXLm','Chargé com',1,1,'2021-06-15 09:42:54','2021-06-15 09:42:54'),(101,'hamdaouirogoya1994@outlook.fr','rogaya','$2b$10$vmvWGl7NeWLRfcXzo1dCkObgaPPwwAqi4FP5VD7owSE8OKMULDPKG','Chargé com',1,1,'2021-06-15 09:42:58','2021-06-15 09:42:58'),(102,'hamdaouirogoya1994@outlook.fr','rogaya','$2b$10$AC9ciOIgoo4eSGJlBjJjBeqfNicxAjVfknpeOol39bHV/Hv07N47G','Chargé com',1,1,'2021-06-15 09:43:01','2021-06-15 09:43:01'),(103,'hamdaouirogoya1994@outlook.fr','rogaya','$2b$10$QxoDUuBGgNzz6ySbhloWeeWgedJ3eJsGSMfR/2JhzDe9kJXWwsFwC','Chargé com',1,1,'2021-06-15 09:43:12','2021-06-15 09:43:12'),(104,'hamdaouirogoya1994@outlook.fr','rogaya','$2b$10$KySvATggDjBg37xBNjLHT.4mVsIQlhFZ2q//zTEpRpHm54v7LKjbG','Chargé com',1,1,'2021-06-15 09:43:20','2021-06-15 09:43:20'),(105,'hamdaouirogoya1994@outlook.fr','rogaya','$2b$10$79LpMdYCTWfQ3BIr3vMA0OaZQ7OetJA3V0R75ZhhnLSL6bD2vu/4S','Chargé com',1,1,'2021-06-15 09:43:27','2021-06-15 09:43:27'),(106,'hamdaouirogoya1994@outlook.fr','rogaya','$2b$10$8KOdBr6OWDhOFWVi8QZdLeaY63xcsVPgE3IKOQ4GNTJRgukQmIC3O','Chargé com',1,1,'2021-06-15 09:43:32','2021-06-15 09:43:32'),(107,'hamdaouirogoya1994@outlook.fr','rogaya','$2b$10$fozpLpDUoRWvX6YMU1Uk7usrQH20ztZwPfIwg7gPjxQUDxVAbAfW.','Chargé com',1,1,'2021-06-15 09:43:41','2021-06-15 09:43:41'),(108,'hamdaouirogoya1994@outlook.fr','rogaya','$2b$10$urLaCI1cHaHt1y7SvLMHtOpVPlCrtNYSvIZ1gJWp1w9Bhnbb4v/5y','Chargé com',1,1,'2021-06-15 09:43:49','2021-06-15 09:43:49'),(109,'hamdaouirogoya1994@outlook.fr','rogaya','$2b$10$cf1vJasctrbACfS2Naw/kOzVR66xXMYRxw6wOsZ7vuDNMNTTYhykC','Chargé com',1,1,'2021-06-15 09:43:52','2021-06-15 09:43:52'),(110,'hamdaouirogoya1994@outlook.fr','rogaya','$2b$10$kL4jiyeb.pQoBf1UB/wvfONjk83E4sHpE/VIMBwNHNJYyO9GOkc9G','Chargé com',1,1,'2021-06-15 09:43:58','2021-06-15 09:43:58'),(111,'hamdaouirogoya1994@outlook.fr','rogaya','$2b$10$/MWu7Zwlqylu5kyRKHgJIeCpg0D476v.SLdEwBHXCHejOoBNmuyRi','Chargé com',1,1,'2021-06-15 09:44:01','2021-06-15 09:44:01'),(112,'hamdaouirogoya1994@outlook.fr','rogaya','$2b$10$dvQhaA1hdJZRWI1urIDeKempjBZJTIfgyjEtA1zcP1bG.Sb.JoR66','Chargé com',1,1,'2021-06-15 09:44:07','2021-06-15 09:44:07'),(113,'hamdaouirogoya1994@outlook.fr','rogaya','$2b$10$UqXp6l.mV69LtQR3EZISqOrwfj4VStCUH0fS0AAjt6aBzjPdxwvPG','Chargé com',1,1,'2021-06-15 09:44:11','2021-06-15 09:44:11'),(114,'hamdaouirogoya1994@outlook.fr','rogaya','$2b$10$eZkJ8UzilhrkBb7.1aymHOOM/ghuE3mHPo6LkmLuNtSeu.yIVndZm','Chargé com',1,1,'2021-06-15 09:44:15','2021-06-15 09:44:15'),(115,'hamdaouirogoya1994@outlook.fr','rogaya','$2b$10$s7SfjYVPI3swUDn0ArBz4ufDrda5sbQwdBMK5DBof5UlCRBYLvZvG','Chargé com',1,1,'2021-06-15 09:45:42','2021-06-15 09:45:42'),(116,'hamdaouirogoya1994@outlook.fr','rogaya','$2b$10$aECMIy8UB3b/Vp0klDsEbewwelHyW/Fugfr4ywxBe4Yj7GvKcmOoa','Chargé com',1,1,'2021-06-15 09:45:51','2021-06-15 09:45:51'),(117,'hamdaouirogoya1994@outlook.fr','rogaya','$2b$10$uw75RYibP/K.3pQyC566fuTjF9JR.EHRniN64xU2XpWomTmX8NP8q','Chargé com',1,1,'2021-06-15 09:50:42','2021-06-15 09:50:42'),(118,'hamdaouirogoya1994@outlook.fr','rogaya','$2b$10$q1FwzrxYunT7jN/lpc2Ml.GZBpCXNcxNh4jlvIeOjJq5Xq2dj.ENu','Chargé com',1,1,'2021-06-15 10:25:43','2021-06-15 10:25:43'),(119,'hamdaouirogoya1994@outlook.fr','rogaya','$2b$10$T0XbKK1jqjtl2D4HKTBKNeriijGcYFcUziFMojdiEXufDY/8ZWXmm','Chargé com',1,1,'2021-06-15 10:43:00','2021-06-15 10:43:00'),(120,'hamdaouirogoya1994@outlook.fr','rogaya','$2b$10$qhma8QHbt8st5RCM9lyERO23p/vZSrMWQe00F3w15cxOo6cGYByvm','Chargé com',1,1,'2021-06-15 10:44:19','2021-06-15 10:44:19'),(121,'hamdaouirogoya1994@outlook.fr','rogaya','$2b$10$iBEBnks1/Bb2ECQz5kW4sODhXLfuBUbTQMYeG3QIB6i.QdZwdwAqu','Chargé com',1,1,'2021-06-15 10:45:04','2021-06-15 10:45:04'),(122,'hamdaouirogoya1994@outlook.fr','rogaya','$2b$10$ivvFGJJbth/k5ih0y3UB9OF8GLjJG3u05/0BR.zXf2h7BjoIAZvgu','Chargé com',1,1,'2021-06-15 10:45:35','2021-06-15 10:45:35'),(123,'hamdaouirogoya1994@outlook.fr','rogaya','$2b$10$nt61WdgIr9xbdplT8P.ZOOAVMYGS8sLsxVes4JHu9VHI/i8jekLGe','Chargé com',1,1,'2021-06-15 10:46:29','2021-06-15 10:46:29'),(124,'hamdaouirogoya1994@outlook.fr','rogaya','$2b$10$FYddXOeDb/KvpO5o1Z3ktexiTShI9dQPyDmvOA5MJvoXOpogh0sRe','Chargé com',1,1,'2021-06-15 10:47:21','2021-06-15 10:47:21'),(125,'hamdaouirogoya1994@outlook.fr','rogaya','$2b$10$.j8ekawsm40YNYqcrqfk0.aGrbQklkxiTbYAcMpstvp6Rp32JphvC','Chargé com',1,1,'2021-06-15 10:47:42','2021-06-15 10:47:42'),(126,'hamdaouirogoya1994@outlook.fr','rogaya','$2b$10$oBAhD3ciEcWhW0QRXhx78.9SlkcZKPjKORgNieAWaQily/ycPNQZe','Chargé com',1,1,'2021-06-15 10:49:39','2021-06-15 10:49:39'),(127,'hamdaouirogoya1994@outlook.fr','rogaya','$2b$10$vJEqv/WCrCG/6AhbOHUAaOQiyARFT7ofJEzvT6z/qqiKlCI0zEE/y','Chargé com',1,1,'2021-06-15 10:50:33','2021-06-15 10:50:33'),(128,'hamdaouirogoya1994@outlook.fr','rogaya','$2b$10$7J6P/rniTJ2s9AoKPOxoV.vC1.5OXsWKZbcJJ8Nyq.eRJKc.mkpyq','Chargé com',1,1,'2021-06-15 15:47:08','2021-06-15 15:47:08'),(129,'hamdaouirogoya1994@outlook.fr','rogaya','$2b$10$BvlqDbiOgj275ggx8Aji3OMjGmInW6.B9FM59If49y1fEn9.k8sku','Chargé com',1,1,'2021-06-15 15:51:33','2021-06-15 15:51:33'),(130,'hamdaouirogoya1994@outlook.fr','rogaya','$2b$10$PzYH2.3U0OrX4UuEaAS.3eTDdSWtlHtcRn8sj6UBppeA8ZY.a22RG','Chargé com',1,1,'2021-06-15 15:51:36','2021-06-15 15:51:36'),(131,'hamdaouirogoya1994@outlook.fr','rogaya','$2b$10$UlPZZTc2rtbo0mum81OzqOglLSCsnpDbSL8zCR8tlaHkNXX/GsmNC','Chargé com',1,1,'2021-06-15 15:53:06','2021-06-15 15:53:06'),(132,'hamdaouirogoya1994@outlook.fr','rogaya','$2b$10$GO.5UUvH3vPFzN8KNV6zz.w6797Xf..c3pwcMyP5TmPisEzJPyVn6','Chargé com',1,1,'2021-06-15 15:53:46','2021-06-15 15:53:46'),(133,'hamdaouirogoya1994@outlook.fr','rogaya','$2b$10$Q8w8rwMI/MBsuT6TsAJRQeNsuzCXU2tVIIvbXUAR5xjmK0oNaCZLm','Chargé com',1,1,'2021-06-15 16:01:35','2021-06-15 16:01:35'),(134,'hamdaouirogoya1994@outlook.fr','rogaya','$2b$10$p8.8ZAhby/YSwYRhA8h2HOSnU60qVgvrpTg/0s6zQyl/sP3WnKu2a','Chargé com',1,1,'2021-06-15 16:06:17','2021-06-15 16:06:17'),(135,'hamdaouirogoya1994@outlook.fr','rogaya','$2b$10$PdzpabMkYtTF3vuVKlcy/OQ0SRY4090P1rudsSCPGdoINmtXmoybG','Chargé com',1,1,'2021-06-15 16:06:28','2021-06-15 16:06:28'),(136,'hamdaouirogoya1994@outlook.fr','rogaya','$2b$10$0eKybgTlBYRQ0u2w.fCHr.wpjn1dlDgdeX3A/Mn2lyQpx1cWHmcEW','Chargé com',1,1,'2021-06-15 16:06:40','2021-06-15 16:06:40'),(137,'hamdaouirogoya1994@outlook.fr','rogaya','$2b$10$XaWrOJkkEfyzO.cObqmL6.QNLvxeK1wCylRKd6AN9xXS114Ei8U7W','Chargé com',1,1,'2021-06-15 16:07:15','2021-06-15 16:07:15'),(138,'hamdaouirogoya1994@outlook.fr','rogaya','$2b$10$WK1geG/U/FyCxsLr5jNHS.kQQQHFmh4/.hs3KoniLQL86CvpkTQKe','Chargé com',1,1,'2021-06-15 16:07:40','2021-06-15 16:07:40'),(139,'hamdaouirogoya1994@outlook.fr','rogaya','$2b$10$nsan94Psf4kAv9Y0ORPKWemcbFGcDe9VROcrV2gH72vJkf2HGMdEe','Chargé com',1,1,'2021-06-15 16:08:53','2021-06-15 16:08:53'),(140,'hamdaouirogoya1994@outlook.fr','rogaya','$2b$10$cXL.EdmzMvJm0tkqplhYd.hOl3znjm6URgozAQbEYrwcWb9lnpG7u','Chargé com',1,1,'2021-06-15 16:09:07','2021-06-15 16:09:07'),(141,'hamdaouirogoya1994@outlook.fr','rogaya','$2b$10$Pqq1KrqqmpxmEuOgdDgJeejd6f/5B2VMMXmSwPFoozv5gP8LqWpRC','Chargé com',1,1,'2021-06-15 16:09:44','2021-06-15 16:09:44'),(142,'hamdaouirogoya1994@outlook.fr','rogaya','$2b$10$b8lk42iC4NXednGDTU0gYOC1vN2ys1p8XLG91gM.x7XMg3drmeK/u','Chargé com',1,1,'2021-06-16 13:59:13','2021-06-16 13:59:13'),(143,'hamdaouirogoya1994@outlook.fr','rogaya','$2b$10$pN0YNB/JpZCx0olUuyVWlOle1A4V/cmoTPooLFPoOGlwmRbDUMoSe','Chargé com',1,1,'2021-06-16 14:05:40','2021-06-16 14:05:40'),(144,'hamdaouirogoya1994@outlook.fr','rogaya','$2b$10$/bfVcWyTlP0MIhZBhfdYP.ibY16DONoHucrHmvAWyFDOoRkqC8pNC','Chargé com',1,1,'2021-06-16 14:06:02','2021-06-16 14:06:02'),(145,'hamdaouirogoya1994@outlook.fr','rogaya','$2b$10$T50iUr1gO5u2CSeHgkNjaeIJ9OKIXUUXEYIJkmWPdf.2KIbr54Fgy','Chargé com',1,1,'2021-06-16 14:16:20','2021-06-16 14:16:20'),(146,'hamdaouirogoya1994@outlook.fr','rogaya','$2b$10$Q0CNQ.rfrSLnsf6IUrNou.w9xO0lNliqBF5V.QrGkS1kA/ORaN7K.','Chargé com',1,1,'2021-06-16 14:17:52','2021-06-16 14:17:52'),(147,'hamdaouirogoya1994@outlook.fr','rogaya','$2b$10$Pup1uDrggBCIaaETj9Ji5eyLEEwhOArlKLitzI8rlGVufSTRSocWS','Chargé com',1,1,'2021-06-16 14:24:34','2021-06-16 14:24:34'),(148,'hamdaouirogoya1994@outlook.fr','rogaya','$2b$10$kf0dDlFm.ILB88gaLXH3EeXM5xIJR36kHaQ479e6nS30Crsql/Ms.','Chargé com',1,1,'2021-06-16 14:24:56','2021-06-16 14:24:56'),(149,'hamdaouirogoya1994@outlook.fr','rogaya','$2b$10$VAmOTgaDmijBQ6/TZdB2HuZ.Ni55UBfc8jYM.eWBdRuoPZz/V99Ly','Chargé com',1,1,'2021-06-16 14:25:48','2021-06-16 14:25:48'),(150,'hamdaouirogoya1994@outlook.fr','rogaya','$2b$10$JbGlEgbVYzsz8wuW7wKB2.M3ZB48u2UbFKuWlHCyLj9U87AIThvvO','Chargé com',1,1,'2021-06-16 14:25:59','2021-06-16 14:25:59'),(151,'hamdaouirogoya1994@outlook.fr','rogaya','$2b$10$hH56mlkekZLAOhQHJy2E7.QeoBFXHIz/eX79FoCNYlCoNcmkB06Wi','Chargé com',1,1,'2021-06-16 14:27:01','2021-06-16 14:27:01'),(152,'hamdaouirogoya1994@outlook.fr','rogaya','$2b$10$sG7qHMlDWerS8TYHKtjpZeaMHmb33XHHWUVYuOJem7wRe87B5qdTe','Chargé com',1,1,'2021-06-16 14:28:01','2021-06-16 14:28:01'),(153,'hamdaouirogoya1994@outlook.fr','rogaya','$2b$10$FDcc8khfOLSw5fbXN8omZukiW5a7pXgV3JHyuyQemdVZb2BR66vBq','Chargé com',1,1,'2021-06-16 14:28:15','2021-06-16 14:28:15'),(154,'hamdaouirogoya1994@outlook.fr','rogaya','$2b$10$P6lVgVhpm8dFe1lSOBCwve1YfyKhPoQn2wELvU11hdw75/LKmzj22','Chargé com',1,1,'2021-06-16 14:28:21','2021-06-16 14:28:21'),(155,'hamdaouirogoya1994@outlook.fr','rogaya','$2b$10$ajsv/reJYec0v0imNpfszuFl4mIdx3msyEBN9OTLwDTN1.RE6kpVW','Chargé com',1,1,'2021-06-16 14:30:14','2021-06-16 14:30:14'),(156,'hamdaouirogoya1994@outlook.fr','rogaya','$2b$10$nPLe/V38cUGjezNJQ6reduq8HpWXOGfSRsaWsAtOm7JaKWdUoL5NO','Chargé com',1,1,'2021-06-16 14:32:26','2021-06-16 14:32:26'),(157,'hamdaouirogoya1994@outlook.fr','rogaya','$2b$10$cvlPmU3o6vPf/a6tWHd0oOu69lOCSIdTB9zDo0KHBhptp6efTBfU2','Chargé com',1,1,'2021-06-16 14:32:44','2021-06-16 14:32:44'),(158,'hamdaouirogoya1994@outlook.fr','rogaya','$2b$10$l/nZS/MACYli6y2oMRH.DeBHJ0K6t2mqHwF1t8539nsdfkoSlwfLi','Chargé com',1,1,'2021-06-16 14:32:51','2021-06-16 14:32:51'),(159,'hamdaouirogoya1994@outlook.fr','rogaya','$2b$10$wBJozC1J2wDTCMJ/BZQK2OaSoU/YMp5neKMSQ67zA9e8nYgmpKrMC','Chargé com',1,1,'2021-06-16 14:33:03','2021-06-16 14:33:03'),(160,'hamdaouirogoya1994@outlook.fr','rogaya','$2b$10$JoqENbf6DixbHv4TkZcOv.hDFnt.KM316IBxdsJ2buIYO0neNZ.Ra','Chargé com',1,1,'2021-06-16 14:33:41','2021-06-16 14:33:41'),(161,'hamdaouirogoya1994@outlook.fr','rogaya','$2b$10$x.7ybdi1fGgXyLvH/dqQG.nQ1cHZDFl.kCiP2tgLnf59ndJfxDQBC','Chargé com',1,1,'2021-06-16 14:33:48','2021-06-16 14:33:48'),(162,'hamdaouirogoya1994@outlook.fr','rogaya','$2b$10$Ay7nZsrbjDcFlyeko2oN2OHQDS88SWu2CKVEIgETZmWgb9DfRIQma','Chargé com',1,1,'2021-06-16 14:33:51','2021-06-16 14:33:51'),(163,'hamdaouirogoya1994@outlook.fr','rogaya','$2b$10$MmmHOdzVmsHNhRQn.P2Mq.qetX8N6Vkd3E/ZHCx9Uy1wxi0QukGl6','Chargé com',1,1,'2021-06-16 14:33:55','2021-06-16 14:33:55'),(164,'hamdaouirogoya1994@outlook.fr','rogaya','$2b$10$yaRfwwNfPPSVh8E/HmoMd.Dso76GdYTe01xTl8tyUkcXcylc5iCi.','Chargé com',1,1,'2021-06-16 14:33:59','2021-06-16 14:33:59'),(165,'hamdaouirogoya1994@outlook.fr','rogaya','$2b$10$r37XNw6D9E/SROjxwq8gDu7JnrdZA./8zoOEk2P1t2DwDnS0LkWem','Chargé com',1,1,'2021-06-16 14:34:02','2021-06-16 14:34:02'),(166,'hamdaouirogoya1994@outlook.fr','rogaya','$2b$10$PfxiGG6vwgjykD8b1eQwAOUdBLUfmhuWuGdwKSDZu65rShQlSEbOO','Chargé com',1,1,'2021-06-16 14:34:18','2021-06-16 14:34:18'),(167,'hamdaouirogoya1994@outlook.fr','rogaya','$2b$10$gjKddx3tEGfbgTjSlTfLy.hB4cXKchNA/HkSG..8Kwec14g0cgBYe','Chargé com',1,1,'2021-06-16 14:34:47','2021-06-16 14:34:47'),(168,'hamdaouirogoya1994@outlook.fr','rogaya','$2b$10$G0oauBK2s2dv2M4r1tBnIuJ3gMWbxsn6egHXxY/AufKTJMZqA2L9S','Chargé com',1,1,'2021-06-16 14:39:19','2021-06-16 14:39:19'),(169,'hamdaouirogoya1994@outlook.fr','rogaya','$2b$10$pUqyv.OCdNhUzQ62bx/P9eRiadcOoUveB76MRFm/xASb.DUyPKh2O','Chargé com',1,1,'2021-06-16 14:39:21','2021-06-16 14:39:21'),(170,'hamdaouirogoya1994@outlook.fr','rogaya','$2b$10$idNhxyT.57rRqqqTVXAoDuqw.v19KH597ZAfvMrOtWKqJDdlPHVdC','Chargé com',1,1,'2021-06-16 14:48:36','2021-06-16 14:48:36'),(171,'hamdaouirogoya1994@outlook.fr','rogaya','$2b$10$mZ1N58/5xSyDiRD29DQnGucqYBLLTPzShf7OYtB79tZGCFqwfTZ66','Chargé com',1,1,'2021-06-16 14:49:36','2021-06-16 14:49:36'),(172,'hamdaouirogoya1994@outlook.fr','rogaya','$2b$10$vJcUNG2S6Yer9Wf7RNYHjOB54ZIVCdvMJ6UzX9CLExclFzhYVFUXG','Chargé com',1,1,'2021-06-16 15:07:18','2021-06-16 15:07:18'),(173,'hamdaouirogoya1994@outlook.fr','rogaya','$2b$10$kH85XcAu3F5aJanZNTod1.Q72lE2RVgQNn/v3LaUtWK.BRJrFmVuO','Chargé com',1,1,'2021-06-16 15:08:24','2021-06-16 15:08:24'),(174,'hamdaouirogoya1994@outlook.fr','rogaya','$2b$10$2BxcfJpExgJXxS2Q3tw1u.SGL/Xtwr38nvJwaRCs.twROc5A82PM6','Chargé com',1,1,'2021-06-16 15:08:27','2021-06-16 15:08:27'),(175,'hamdaouirogoya1994@outlook.fr','rogaya','$2b$10$GVIytVRgLmuL9EPs9Dl78..EWs1DtAPPnwO5qUJYfAtbJIEXYoeHi','Chargé com',1,1,'2021-06-16 15:08:45','2021-06-16 15:08:45'),(176,'hamdaouirogoya1994@outlook.fr','rogaya','$2b$10$nH88tsPkW3pUVFc0AR3G3e1He1BkqEAjoQcg2/9tfYmv2Uoa3FJgu','Chargé com',1,1,'2021-06-16 15:28:03','2021-06-16 15:28:03'),(177,'hamdaouirogoya1994@outlook.fr','rogaya','$2b$10$dGXxb4onyxaQ98a5MQ2WMO0C8GpEZN2NoOM8jFcJBLgUwVA4wNn1q','Chargé com',1,1,'2021-06-16 15:29:34','2021-06-16 15:29:34'),(178,'hamdaouirogoya1994@outlook.fr','rogaya','$2b$10$96/oqesE98HYb5thtdXESuAdsMMpuGMqwjI3oRgmxVOnCSr1onzJ6','Chargé com',1,1,'2021-06-16 15:30:00','2021-06-16 15:30:00'),(179,'hamdaouirogoya1994@outlook.fr','rogaya','$2b$10$43vAbFslFWHrDm8dZ/oHNel/sxZLf5TdQKjxKRN5y4dEks.xwQnVy','Chargé com',1,1,'2021-06-16 15:30:49','2021-06-16 15:30:49'),(180,'hamdaouirogoya1994@outlook.fr','rogaya','$2b$10$FX5hm2sk21HyJIcIVXfB/O8PRRyvepa.niwXoqU2OrfwTQAUvxLLG','Chargé com',1,1,'2021-06-16 15:30:55','2021-06-16 15:30:55'),(181,'hamdaouirogoya1994@outlook.fr','rogaya','$2b$10$.zXYkv3m3xMbuA4OLPKaG.wKERoSPgoW8m3xbkyuoJXNl31AKA4q.','Chargé com',1,1,'2021-06-16 15:31:00','2021-06-16 15:31:00'),(182,'hamdaouirogoya1994@outlook.fr','rogaya','$2b$10$S2B.7ibqb.CDKPFZgP4H1uiyChcPPfOEdQqVDB/PFdjGTSj5YPE1G','Chargé com',1,1,'2021-06-16 15:31:12','2021-06-16 15:31:12'),(183,'hamdaouirogoya1994@outlook.fr','rogaya','$2b$10$LVc5/620wflsTaSfRP5QM.L1K7f15tjBsa6Tx6spZEJbNBbq/97Hu','Chargé com',1,1,'2021-06-16 15:32:09','2021-06-16 15:32:09'),(184,'hamdaouirogoya1994@outlook.fr','rogaya','$2b$10$/n4NBq9Zs5uA6LSbaezLEO09GKAs8V36wbeH/tFcgIDKJ9Hy2/3uy','Chargé com',1,1,'2021-06-16 15:32:38','2021-06-16 15:32:38'),(185,'hamdaouirogoya1994@outlook.fr','rogaya','$2b$10$VNJg.JvnjqOGcYTXxv7klOMLQ0g83yy233R/a76E3wbP0mJClZ5qO','Chargé com',1,1,'2021-06-16 15:32:51','2021-06-16 15:32:51'),(186,'hamdaouirogoya1994@outlook.fr','rogaya','$2b$10$zi3UqSz9MMoCERQMownFQeUl7b.I4pXN.a5v21FcdAFKYegb4aCi2','Chargé com',1,1,'2021-06-16 15:33:16','2021-06-16 15:33:16'),(187,'hamdaouirogoya1994@outlook.fr','rogaya','$2b$10$Pxo0PjOQLhSSo2q8Y8b/yeDGbzj.4gsk5/2hpOZp6RzEkRoXGyIE6','Chargé com',1,1,'2021-06-16 15:34:41','2021-06-16 15:34:41'),(188,'hamdaouirogoya1994@outlook.fr','rogaya','$2b$10$iy9x0lLSHMNT.ol9I0pKcO1zMGwhic7Q8pd4L/cmX1oqt7wxjl2TC','Chargé com',1,1,'2021-06-16 15:34:57','2021-06-16 15:34:57'),(189,'hamdaouirogoya1994@outlook.fr','rogaya','$2b$10$vO06ueU.BZinviASD/P04uxatnOE.w8d6hHxM8he46ty.gHV6NlD2','Chargé com',1,1,'2021-06-16 15:35:19','2021-06-16 15:35:19'),(190,'hamdaouirogoya1994@outlook.fr','rogaya','$2b$10$EX8rGHA6IQ9GlpNgqkS.7.gmlYOZN7WFyWBnOkcdclMSVKFlU1P.G','Chargé com',1,1,'2021-06-16 15:35:21','2021-06-16 15:35:21'),(191,'hamdaouirogoya1994@outlook.fr','rogaya','$2b$10$gk8GltpLebJ8lsg5DVokbuMIEpscumy27EdIAdCM9Gh7OKzRDjrPC','Chargé com',1,1,'2021-06-16 15:35:49','2021-06-16 15:35:49'),(192,'hamdaouirogoya1994@outlook.fr','rogaya','$2b$10$g4Wp9EOtFAPWo1gzLyh0q.eQniou0EQmSRtkcCXfJ0c8OmfAdPwCu','Chargé com',1,1,'2021-06-16 15:35:59','2021-06-16 15:35:59'),(193,'hamdaouirogoya1994@outlook.fr','rogaya','$2b$10$M13sBLV/qh4wBm91SGlGqOqaEPUQM7xz6FjdJiPx3GeH93URna7r.','Chargé com',1,1,'2021-06-16 15:36:47','2021-06-16 15:36:47'),(194,'hamdaouirogoya1994@outlook.fr','rogaya','$2b$10$kgm1byy9gcTtQp4CVEaD3OIs0rDi/LmRRRsh16VEyD5bflBopUzDq','Chargé com',1,1,'2021-06-16 15:45:10','2021-06-16 15:45:10'),(195,'hamdaouirogoya1994@outlook.fr','rogaya','$2b$10$SXxfy9.6B.fkMTSNmJb5COi5Br0xzyN.NoO5zAKrIopRDLhkvMeRG','Chargé com',1,1,'2021-06-16 15:45:22','2021-06-16 15:45:22'),(196,'hamdaouirogoya1994@outlook.fr','rogaya','$2b$10$/UQZrzmly.oilZjN4zXR3uj1iNkAb31YlkaGGP.ah7EPDkiXv0XyC','Chargé com',1,1,'2021-06-16 15:45:45','2021-06-16 15:45:45'),(197,'hamdaouirogoya1994@outlook.fr','rogaya','$2b$10$dym6T3Kb4T/VYo.EU7i9KelxlRXVwfUZvQ4XlLrHm7CUOo5t3R95m','Chargé com',1,1,'2021-06-16 15:45:54','2021-06-16 15:45:54'),(198,'hamdaouirogoya1994@outlook.fr','rogaya','$2b$10$fYwdxEGTT4g7GGRG1QFeiOCR3LnMX2TFU1JoP53DlvJGhRPI0labe','Chargé com',1,1,'2021-06-16 15:45:57','2021-06-16 15:45:57'),(199,'hamdaouirogoya1994@outlook.fr','rogaya','$2b$10$ZBVZfoZFtHe98N6FfN3MNehH8S/boBtqlatq5/FBqchl2ixgwZN4O','Chargé com',1,1,'2021-06-16 15:46:54','2021-06-16 15:46:54'),(200,'hamdaouirogoya1994@outlook.fr','rogaya','$2b$10$WrHWe0FeN1DD9kwPmVgsvO/76Q5M7zV64CYLAfSh0rVkvD2zU5eR2','Chargé com',1,1,'2021-06-16 15:47:02','2021-06-16 15:47:02'),(201,'hamdaouirogoya1994@outlook.fr','rogaya','$2b$10$b.XOJReFE09vzwTfTxMPIumsIE5Mxvlsz1B2JuwMn7W5e9n4SIgpC','Chargé com',1,1,'2021-06-16 15:47:06','2021-06-16 15:47:06'),(202,'hamdaouirogoya1994@outlook.fr','rogaya','$2b$10$KYK3eJc5le74Kwfr7lSjuO2aaqVOiGopaS3.afTExKaKqHxiw9anu','Chargé com',1,1,'2021-06-16 15:47:12','2021-06-16 15:47:12'),(203,'hamdaouirogoya1994@outlook.fr','rogaya','$2b$10$dv6s.SOi1yE5qBWtcS0zhOU0EL6xLKjUOStX6FPgVQNy35Oq7c/qm','Chargé com',1,1,'2021-06-16 15:47:19','2021-06-16 15:47:19'),(204,'hamdaouirogoya1994@outlook.fr','rogaya','$2b$10$TujK1kDDaD4EOSeC3rk9Ve0QCTVOmIrLLwmnHgzvkZhUBNkwRflii','Chargé com',1,1,'2021-06-16 15:49:17','2021-06-16 15:49:17'),(205,'hamdaouirogoya1994@outlook.fr','rogaya','$2b$10$c2vMAv3lRYGJJ1otjjaoOeNYaxg0F3wj2GhjDliu67Kv4p.TKGpSy','Chargé com',1,1,'2021-06-16 15:50:02','2021-06-16 15:50:02'),(206,'hamdaouirogoya1994@outlook.fr','rogaya','$2b$10$p8m2Zikr1AP7X.ntDvjzE.Vd7bDTrdHSq.1uCKA7.6hi6dLWutuz.','Chargé com',1,1,'2021-06-16 15:50:11','2021-06-16 15:50:11'),(207,'hamdaouirogoya1994@outlook.fr','rogaya','$2b$10$HYof8vlbvLrmGZoFQKIAluhIX7.jHpTGNVs5Wte3eWXwQrQ/Uwjy.','Chargé com',1,1,'2021-06-16 15:50:14','2021-06-16 15:50:14'),(208,'hamdaouirogoya1994@outlook.fr','rogaya','$2b$10$JOTcVfBhHzvi4V/tDrp5yuXNNQ7Phcb1k76HSISCSWMlYi7D00mmG','Chargé com',1,1,'2021-06-16 15:50:19','2021-06-16 15:50:19'),(209,'hamdaouirogoya1994@outlook.fr','rogaya','$2b$10$zgiJcvI9FQqrhUv40iO0S.MyYQPT.XdcKbw4NjTM/IBMPYY2gAb6S','Chargé com',1,1,'2021-06-16 15:50:22','2021-06-16 15:50:22'),(210,'hamdaouirogoya1994@outlook.fr','rogaya','$2b$10$Jg9VmgZk2hmR29mngmRSgua64bkzQaMECYnLZLhfBr86rmo0K5r06','Chargé com',1,1,'2021-06-16 15:50:26','2021-06-16 15:50:26'),(211,'hamdaouirogoya1994@outlook.fr','rogaya','$2b$10$T0nNY7VGz50MEADBjg35ve1vQfjqKho6lby5cP/LUIuolD5Fxs77.','Chargé com',1,1,'2021-06-16 15:50:28','2021-06-16 15:50:28'),(212,'hamdaouirogoya1994@outlook.fr','rogaya','$2b$10$2bXmy0mCzx5tGlZWfu57N.C0WbmaJn0jA4UWf.Mz78NCssHJ6k9xC','Chargé com',1,1,'2021-06-16 15:50:32','2021-06-16 15:50:32'),(213,'hamdaouirogoya1994@outlook.fr','rogaya','$2b$10$QXkrcAFRhmkJq0S3li0iCOjT.PyOlIt7wEeecRV4WvHUBBRplN.t6','Chargé com',1,1,'2021-06-16 15:50:39','2021-06-16 15:50:39'),(214,'hamdaouirogoya1994@outlook.fr','rogaya','$2b$10$j6ysE3z69dZLE6wVfK5dG.jC30iJDm2AGiLMgPmwIdFzMHF1P1qw2','Chargé com',1,1,'2021-06-16 15:50:53','2021-06-16 15:50:53'),(215,'hamdaouirogoya1994@outlook.fr','rogaya','$2b$10$OX.wAX/TZJSnozS2PLCuUOeZM22SWIKWdKcgxEnoP/eEPyR0Tijl.','Chargé com',1,1,'2021-06-16 15:51:08','2021-06-16 15:51:08'),(216,'hamdaouirogoya1994@outlook.fr','rogaya','$2b$10$1JUqN8MkAH.Jq7E5QcKyX.D0Hm7coTMl8ORW.7i1AYlWORuc4s6ze','Chargé com',1,1,'2021-06-16 15:52:06','2021-06-16 15:52:06'),(217,'hamdaouirogoya1994@outlook.fr','rogaya','$2b$10$PUcJ4Z7G7.U.W7KvJeNbke1BlgN32pieHEIk.0yZaij/rgfVU1kR.','Chargé com',1,1,'2021-06-16 15:55:01','2021-06-16 15:55:01'),(218,'hamdaouirogoya1994@outlook.fr','rogaya','$2b$10$4Txu/TBlkoB6s7LXiGbz4u9lYoZUUIUz8EnGF6FPcLFWJqeMgqNCy','Chargé com',1,1,'2021-06-16 15:56:03','2021-06-16 15:56:03'),(219,'hamdaouirogoya1994@outlook.fr','rogaya','$2b$10$IVY9us0GspEKXrI3Wz6FK.FzuD51acPiktmWl1M0oZYuRK./sJroa','Chargé com',1,1,'2021-06-16 15:56:08','2021-06-16 15:56:08'),(220,'hamdaouirogoya1994@outlook.fr','rogaya','$2b$10$XJKzLcP3w0STzKajmAi.b.gpco5MS5sopPbbBddHaPiqTqpJu3ODy','Chargé com',1,1,'2021-06-16 15:56:11','2021-06-16 15:56:11'),(221,'hamdaouirogoya1994@outlook.fr','rogaya','$2b$10$sHkyMhbbj9J6ZVOMsc45ie0SriYMkbKy7FZxk3xfPbomqiexdcFcm','Chargé com',1,1,'2021-06-16 15:56:13','2021-06-16 15:56:13'),(222,'hamdaouirogoya1994@outlook.fr','rogaya','$2b$10$MKYNRZPouf6T77FFok0CX.E2umIeRnptB2So1KLwvKzbtANm1xwLG','Chargé com',1,1,'2021-06-16 15:56:16','2021-06-16 15:56:16'),(223,'hamdaouirogoya1994@outlook.fr','rogaya','$2b$10$S6h4ZyHUIcuhhkoLMYvwuOu8gUVI/LGb8cVXGOVkUGE0IdDqHidaq','Chargé com',1,1,'2021-06-16 15:56:20','2021-06-16 15:56:20'),(224,'hamdaouirogoya1994@outlook.fr','rogaya','$2b$10$KTfbbCW3lqMP3IcpnKcwkOh5t.X2OM6mf4dA24c1m8JEhNpeFt4Ii','Chargé com',1,1,'2021-06-16 15:56:25','2021-06-16 15:56:25'),(225,'hamdaouirogoya1994@outlook.fr','rogaya','$2b$10$02oAP2wGj4oxL7QtE1SxZ.UWHGRp7/N6B9iRNFI97Z26UOuTWIXKO','Chargé com',1,1,'2021-06-16 15:56:29','2021-06-16 15:56:29'),(226,'hamdaouirogoya1994@outlook.fr','rogaya','$2b$10$qAMFbVKBF.dHYxh9GAwG9.0jhrEfYEVv8vVcVtQqicBbgBdtzjZ5a','Chargé com',1,1,'2021-06-16 15:56:55','2021-06-16 15:56:55'),(227,'hamdaouirogoya1994@outlook.fr','rogaya','$2b$10$SdxMNNugMkG.xxuRdWyoteAVcp8FUwiYFy7D570I.xBSrbjhEX9MC','Chargé com',1,1,'2021-06-16 15:57:03','2021-06-16 15:57:03'),(228,'hamdaouirogoya1994@outlook.fr','rogaya','$2b$10$FGcLNXWoA9Rww39evE0QJOm6Z/ch8OGvlWPg78y0/iOR4ZzG9Zn42','Chargé com',1,1,'2021-06-16 15:58:20','2021-06-16 15:58:20'),(229,'hamdaouirogoya1994@outlook.fr','rogaya','$2b$10$dq7iUaDfA51tyL7QsV9IiuV/4kHUx5.MvJd/Rk37cviqrPdci8KgC','Chargé com',1,1,'2021-06-16 15:58:25','2021-06-16 15:58:25'),(230,'hamdaouirogoya1994@outlook.fr','rogaya','$2b$10$bzh9/vAREf4Hameol8UdUOLHa4vOYbDrprJVMUbeDW9KNH/NfkvoG','Chargé com',1,1,'2021-06-16 15:58:34','2021-06-16 15:58:34'),(231,'hamdaouirogoya1994@outlook.fr','rogaya','$2b$10$aGNj8bmD/GTMJnH991Yt5u905KMyao8W27xJ6D/67xW.GhSEHgQ.2','Chargé com',1,1,'2021-06-16 15:58:56','2021-06-16 15:58:56'),(232,'hamdaouirogoya1994@outlook.fr','rogaya','$2b$10$7w9jscd6XWzFDos1qrspRexGc/DXDmI03c.gqiDyRe5IWXDQ8ugE6','Chargé com',1,1,'2021-06-16 15:59:00','2021-06-16 15:59:00'),(233,'hamdaouirogoya1994@outlook.fr','rogaya','$2b$10$UAVXU3Bnnf/9S3yqR.FlfuUdq6C0uXmtq2Pt0w4PxZTHN4ifeS7oy','Chargé com',1,1,'2021-06-16 15:59:39','2021-06-16 15:59:39'),(234,'hamdaouirogoya1994@outlook.fr','rogaya','$2b$10$h48lbS1c.P.XCOCrmviE0eW0ins9MrU5vmphHHNRG9luB5mg8R7HW','Chargé com',1,1,'2021-06-16 16:00:26','2021-06-16 16:00:26'),(235,'hamdaouirogoya1994@outlook.fr','rogaya','$2b$10$armzb8UJFAwrT98Oz/HMpe4xMrTSg7OTbgCQwCrBAmEzBm01VoSti','Chargé com',1,1,'2021-06-16 16:00:49','2021-06-16 16:00:49'),(236,'hamdaouirogoya1994@outlook.fr','rogaya','$2b$10$97uWVndqzD4/egW3itH1P.EFjcKRI7WQc6P982DnLPGbq3UUn/NFS','Chargé com',1,1,'2021-06-16 16:01:29','2021-06-16 16:01:29'),(237,'hamdaouirogoya1994@outlook.fr','rogaya','$2b$10$iS3GxLLjkc61prwIKIloXO5BvAxpm4z34a3Jz3UkxFLuijxy6BEV.','Chargé com',1,1,'2021-06-16 16:01:49','2021-06-16 16:01:49'),(238,'hamdaouirogoya1994@outlook.fr','rogaya','$2b$10$W7uXXMJLbkp8EXkxbw7/KeuUMwI63rxfax8k5gu47f3oaUH9phd66','Chargé com',1,1,'2021-06-16 16:02:11','2021-06-16 16:02:11'),(239,'hamdaouirogoya1994@outlook.fr','rogaya','$2b$10$QApCobiSiqbMtQef50w1ceYxvrzAjWIpqFLhitNGK7DiFlB9JSNQO','Chargé com',1,1,'2021-06-16 16:07:03','2021-06-16 16:07:03'),(240,'hamdaouirogoya1994@outlook.fr','rogaya','$2b$10$KUyL2v60gfkAnyH9qZD3OeHFyfvd.BxWmiUSVfa1qwwR63BvzJ6QS','Chargé com',1,1,'2021-06-16 16:08:21','2021-06-16 16:08:21'),(241,'hamdaouirogoya1994@outlook.fr','rogaya','$2b$10$O.Etp9CEHgB4KNuj2Y/.Be.D1uXuRbNASODJhixITbq/72tevj/jW','Chargé com',1,1,'2021-06-16 16:08:23','2021-06-16 16:08:23'),(242,'hamdaouirogoya1994@outlook.fr','rogaya','$2b$10$FBro0xX/DAxy8qUKFV.RzuTR.E3gydGb8yQ5pv8sBbc5X.962wUgm','Chargé com',1,1,'2021-06-16 16:09:22','2021-06-16 16:09:22'),(243,'hamdaouirogoya1994@outlook.fr','rogaya','$2b$10$byCptt11ym5M6lscX3uR4Oc06Vq4JzZjKDhmxAOxUeByn.jbZp2Ze','Chargé com',1,1,'2021-06-16 16:09:28','2021-06-16 16:09:28'),(244,'hamdaouirogoya1994@outlook.fr','rogaya','$2b$10$uSuHGRDpw3DgheywO5NAp.DWh7wKWF0bt1aef3g56PIcZMWh541Su','Chargé com',1,1,'2021-06-16 16:09:38','2021-06-16 16:09:38'),(245,'hamdaouirogoya1994@outlook.fr','rogaya','$2b$10$6V5FJv0G.AYTRkWO2evo0O5GZxpvO0OuL3sqCSpWG4c7xTwxSC1RS','Chargé com',1,1,'2021-06-16 16:09:44','2021-06-16 16:09:44'),(246,'hamdaouirogoya1994@outlook.fr','rogaya','$2b$10$JotWSmXoYwv.l0twOIXWV.2porDQ0Qf7n5kvFjsjS717V/fr99Bkq','Chargé com',1,1,'2021-06-16 16:10:46','2021-06-16 16:10:46'),(247,'hamdaouirogoya1994@outlook.fr','rogaya','$2b$10$7DMrLGmUodVjccw1E0aNe.IfUQlMkBBs3DGAnXZLBdZgHEqpuCOoS','Chargé com',1,1,'2021-06-16 16:10:57','2021-06-16 16:10:57'),(248,'hamdaouirogoya1994@outlook.fr','rogaya','$2b$10$lIEK4d.xTxo7Q1vfnyl9N.o0q5WwbvALhi93OIaXNVvMD8A01uVwe','Chargé com',1,1,'2021-06-16 16:11:11','2021-06-16 16:11:11'),(249,'hamdaouirogoya1994@outlook.fr','rogaya','$2b$10$XbUNAKCrNSGtBG2nXR.Q7eamib35iQyQasTvSCQdKcwEJe5QBk.6C','Chargé com',1,1,'2021-06-16 16:11:23','2021-06-16 16:11:23'),(250,'hamdaouirogoya1994@outlook.fr','rogaya','$2b$10$JRyFLeyHl1gMKYQ5UyriZ.66eG.NmUQuqgyo/gZVDAzH6IMrRvZRy','Chargé com',1,1,'2021-06-16 16:12:26','2021-06-16 16:12:26'),(251,'hamdaouirogoya1994@outlook.fr','rogaya','$2b$10$9SAEhKaMmlAfzXcgMIBmrOA3Pdp1BQ/1P9E1.2HFroVCB6cAb8Cj.','Chargé com',1,1,'2021-06-16 16:12:29','2021-06-16 16:12:29'),(252,'hamdaouirogoya1994@outlook.fr','rogaya','$2b$10$JeDA.QMJL5SgTbXlAlypwe3R7FHdfSO./zPwEPIqxLszCl5ne0jy.','Chargé com',1,1,'2021-06-16 16:12:37','2021-06-16 16:12:37'),(253,'hamdaouirogoya1994@outlook.fr','rogaya','$2b$10$iXuJctG9wsIt8i4kwolYgelPFcAcw1y.007sbMC./0lTjNU/T.6TG','Chargé com',1,1,'2021-06-16 16:12:46','2021-06-16 16:12:46'),(254,'hamdaouirogoya1994@outlook.fr','rogaya','$2b$10$0.JA6NYKimpG6O3.3Xy/g.xS8BbmfxcS7RIK5hp4.F28dcRgiSgWm','Chargé com',1,1,'2021-06-16 16:12:55','2021-06-16 16:12:55'),(255,'hamdaouirogoya1994@outlook.fr','rogaya','$2b$10$TfNeVGJstphWjRXX0zGwtOJxR7NG/Whydw3xN2CW4/tF/FSNd6v3m','Chargé com',1,1,'2021-06-16 16:13:01','2021-06-16 16:13:01'),(256,'hamdaouirogoya1994@outlook.fr','rogaya','$2b$10$HdhEwSTZ.XsJSgQ8rK9bVunovRcXdbwNjK7fa6m9Equ4T/uJmE3/6','Chargé com',1,1,'2021-06-16 16:19:53','2021-06-16 16:19:53'),(257,'hamdaouirogoya1994@outlook.fr','rogaya','$2b$10$C0wGbFqA9ze.AntuPaw.o.rPBbH63biOQithGyMmSt7hgThRTY.xe','Chargé com',1,1,'2021-06-16 16:20:39','2021-06-16 16:20:39'),(258,'hamdaouirogoya1994@outlook.fr','rogaya','$2b$10$sW7VEEevoJphTPKDpZbiQutC/GtFzm8haLVMeHiVKPesDFXZnqH2G','Chargé com',1,1,'2021-06-16 16:30:19','2021-06-16 16:30:19'),(259,'hamdaouirogoya1994@outlook.fr','rogaya','$2b$10$r1udoEoYWR1JWLJz3hUrau9jt4hT/VhHy9bwnzaQUZmz./wfED9ke','Chargé com',1,1,'2021-06-16 16:30:46','2021-06-16 16:30:46'),(260,'hamdaouirogoya1994@outlook.fr','rogaya','$2b$10$EEhwsQHfp3.kN5JK/ymiTuxOlzZpSb1zbFpRSab2f8Gs1R1yBjm3m','Chargé com',1,1,'2021-06-16 16:31:14','2021-06-16 16:31:14'),(261,'hamdaouirogoya1994@outlook.fr','rogaya','$2b$10$f5mnpEWNxKVAX95tPeJcdeL.Wxz6uo0C5YvtdMdl5g8QJjz.tsnxO','Chargé com',1,1,'2021-06-16 16:31:18','2021-06-16 16:31:18'),(262,'hamdaouirogoya1994@outlook.fr','rogaya','$2b$10$61SHCsT.hgQQZtpPVt0f4eyM2ANqcLQS8uamjRoet4h7R3Q3HpHOK','Chargé com',1,1,'2021-06-16 16:34:39','2021-06-16 16:34:39'),(263,'hamdaouirogoya1994@outlook.fr','rogaya','$2b$10$i3KY0ZgTp.pjgVxOMCAaJOGN7ScR2Xqe8JsJOFnnvJfbdqu5YWHU6','Chargé com',1,1,'2021-06-16 16:35:01','2021-06-16 16:35:01'),(264,'hamdaouirogoya1994@outlook.fr','rogaya','$2b$10$G/E7CWAj.HFgY.ixnUGwv.A3jjh1Iy3omHm/EYzFuoCheHdTOf40S','Chargé com',1,1,'2021-06-16 16:35:04','2021-06-16 16:35:04'),(265,'hamdaouirogoya1994@outlook.fr','rogaya','$2b$10$BO3mQCcHzPvlivL4E3wgeeC5DCvT.bZhjYa.PxedLduHnT6jvNOIS','Chargé com',1,1,'2021-06-16 16:35:17','2021-06-16 16:35:17'),(266,'hamdaouirogoya1994@outlook.fr','rogaya','$2b$10$BdLuSDYXygk/TiuGPS61tedZZeVvdbw3FHMp65XedmGaP06YmyEsa','Chargé com',1,1,'2021-06-16 16:37:18','2021-06-16 16:37:18'),(267,'hamdaouirogoya1994@outlook.fr','rogaya','$2b$10$pGiWPFHB5G9WxDkmW5Kac.L75X8Q5h9Gu3YL6MLGtYpeWk6l/No.O','Chargé com',1,1,'2021-06-16 16:37:31','2021-06-16 16:37:31'),(268,'hamdaouirogoya1994@outlook.fr','rogaya','$2b$10$3U/eXWg/Im0t2LMkN.kFFuq.9E4R9cdSXpjNKsw1F6GAXDmvp1bv.','Chargé com',1,1,'2021-06-16 16:37:38','2021-06-16 16:37:38'),(269,'hamdaouirogoya1994@outlook.fr','rogaya','$2b$10$YtJGMaxRyWjJjdSaC.WdPOeKluuUmQ7sxvKNAq3//LsFxXc.69/OC','Chargé com',1,1,'2021-06-16 16:37:46','2021-06-16 16:37:46'),(270,'hamdaouirogoya1994@outlook.fr','rogaya','$2b$10$i5jPb.3UagfZ4UhIbX75AeVwG04SffFGmYyh18vNQGDiQoWwivpx.','Chargé com',1,1,'2021-06-16 16:39:59','2021-06-16 16:39:59'),(271,'hamdaouirogoya1994@outlook.fr','rogaya','$2b$10$wcYkTumFGQkTSJO6NZn0/uWHmDOy1fRrClUko01yo3qIjNJhQ0PqG','Chargé com',1,1,'2021-06-16 16:43:50','2021-06-16 16:43:50'),(272,'hamdaouirogoya1994@outlook.fr','rogaya','$2b$10$VwyUHpHURXc61EGNwnw7pOZu3WBrCKa4bS7dbo8j6r8aQtfGThxNW','Chargé com',1,1,'2021-06-16 16:45:58','2021-06-16 16:45:58'),(273,'hamdaouirogoya1994@outlook.fr','rogaya','$2b$10$FVLuSm149aKKhkDGHjDsEefAlFHpzA.7UGakD9JaXCWy9hLRC1YG2','Chargé com',1,1,'2021-06-16 16:46:42','2021-06-16 16:46:42'),(274,'hamdaouirogoya1994@outlook.fr','rogaya','$2b$10$oErSSurVQudWUFPetBvx/OonXwnjTpkX6HLQpG6dNMoINDWO0svK.','Chargé com',1,1,'2021-06-16 16:46:46','2021-06-16 16:46:46'),(275,'hamdaouirogoya1994@outlook.fr','rogaya','$2b$10$USTCdcBYHdm8avrtkCUJYOZQU4lJox9vgHsZGs6VvfkCf7zDcJOSy','Chargé com',1,1,'2021-06-16 16:46:49','2021-06-16 16:46:49'),(276,'hamdaouirogoya1994@outlook.fr','rogaya','$2b$10$F0boH9PR0c.u/YkebCdmuuVnlECT2.kkqUuglzMlTI4Qv/PwR9ICW','Chargé com',1,1,'2021-06-16 16:53:41','2021-06-16 16:53:41'),(277,'hamdaouirogoya1994@outlook.fr','rogaya','$2b$10$Alphux1Wl0KayetYDZnD0O4a0nCB/D2kBNDAnpKr1XUSX0nKis.fK','Chargé com',1,1,'2021-06-16 16:59:07','2021-06-16 16:59:07'),(278,'hamdaouirogoya1994@outlook.fr','rogaya','$2b$10$Gkm1g8Jie6BNYFZ2MKqfJuW8rrcocejBZufsXKe6xe7pwmplgztXC','Chargé com',1,1,'2021-06-16 16:59:41','2021-06-16 16:59:41'),(279,'hamdaouirogoya1994@outlook.fr','rogaya','$2b$10$LHz7LTHqrvYwZmtRBhi3..GGgnndI2DoYN/sZp5XAY75mMlTkOMLa','Chargé com',1,1,'2021-06-16 16:59:49','2021-06-16 16:59:49'),(280,'hamdaouirogoya1994@outlook.fr','rogaya','$2b$10$HUCV3Y5B6vF7pS5l2L3yQup8gVZCWTVdG6HND9eePGjqrsf5xK5RW','Chargé com',1,1,'2021-06-16 17:00:07','2021-06-16 17:00:07'),(281,'hamdaouirogoya1994@outlook.fr','rogaya','$2b$10$qziPCUoQ9JhDTYYS8vn7ceiim/wlAdtLyRr9PX90L6YqNwW58c4RW','Chargé com',1,1,'2021-06-16 17:00:51','2021-06-16 17:00:51'),(282,'hamdaouirogoya1994@outlook.fr','rogaya','$2b$10$WAJTpdf6zZkMl3FQJP0j4eyS86LuvjXrDush97irtOKLfh.j2KB7W','Chargé com',1,1,'2021-06-16 17:01:02','2021-06-16 17:01:02'),(283,'hamdaouirogoya1994@outlook.fr','rogaya','$2b$10$PNtddFNuILMqDAngWC/rK.LymPiRloLpdi2zEkEWvrtDvht5OUB0C','Chargé com',1,1,'2021-06-16 17:01:34','2021-06-16 17:01:34'),(284,'hamdaouirogoya1994@outlook.fr','rogaya','$2b$10$ALY2SvP2i7Ct9x6rlEeBWeL7DM4OjP68eHyplJoUP4DvJDAfe5k9q','Chargé com',1,1,'2021-06-16 17:03:53','2021-06-16 17:03:53'),(285,'hamdaouirogoya1994@outlook.fr','rogaya','$2b$10$MyJUsxbCHEAPpAs4cDr11uAfmNh3xHBBj6TLy42x/cIgpodFRp7u6','Chargé com',1,1,'2021-06-17 06:21:01','2021-06-17 06:21:01'),(286,'hamdaouirogoya1994@outlook.fr','rogaya','$2b$10$3X0S2ho.zW0SCbDAT71KjuLHmUETScjiqllgK2r4V5aHXzAQeHkES','Chargé com',1,1,'2021-06-17 06:22:58','2021-06-17 06:22:58'),(287,'hamdaouirogoya1994@outlook.fr','rogaya','$2b$10$IfVGmcCbyL9OPSkdBELa4e99jhA7YC4awEz5p/TIQkJr1MnrsLPzq','Chargé com',1,1,'2021-06-17 07:34:05','2021-06-17 07:34:05'),(288,'hamdaouirogoya1994@outlook.fr','rogaya','$2b$10$Mdo4m2GpX5.zNO7HY.vrEucUjjYJj.xsGzYgthV/pAYzgWfB2X.Ua','Chargé com',1,1,'2021-06-17 07:58:40','2021-06-17 07:58:40'),(289,'hamdaouirogoya1994@outlook.fr','rogaya','$2b$10$KDxsvlG574W1b5NguTzoTuaw5j5A1rKMyLkwTeKFgxF20Aazw7NMm','Chargé com',1,1,'2021-06-17 07:58:45','2021-06-17 07:58:45'),(290,'hamdaouirogoya1994@outlook.fr','rogaya','$2b$10$WFJB5J0/5wxt/oNN3rUGsuTmJFg6E96xso55YwIF1sIbdPrg.Kupa','Chargé com',1,1,'2021-06-17 08:00:01','2021-06-17 08:00:01'),(291,'hamdaouirogoya1994@outlook.fr','rogaya','$2b$10$yKk2hDW3ZW2I5werW5YLp./UiIIkIxTI87/Z0ea7Ja8hdAw4HFg0q','Chargé com',1,1,'2021-06-17 08:00:09','2021-06-17 08:00:09'),(292,'hamdaouirogoya1994@outlook.fr','rogaya','$2b$10$TQsAaMAt2EQDrgGUUE5jP.40p9gDcVSXdu1Vdr1nsKgpy9BmG0IOK','Chargé com',1,1,'2021-06-17 08:11:17','2021-06-17 08:11:17'),(293,'hamdaouirogoya1994@outlook.fr','rogaya','$2b$10$DgjMnzT1.dTxGmTeMTVEjuVUCNm3tERc3RTYvXfbhsEJEMw6ohfrK','Chargé com',1,1,'2021-06-17 08:11:35','2021-06-17 08:11:35'),(294,'hamdaouirogoya1994@outlook.fr','rogaya','$2b$10$i8wgXTNhjwM/./W1DHmpR.UkInNCTvnTGSfR4NUnYJOcP/pmqXlLu','Chargé com',1,1,'2021-06-17 08:11:44','2021-06-17 08:11:44'),(295,'hamdaouirogoya1994@outlook.fr','rogaya','$2b$10$XAlfqaFuVh0VoMkjrb4eBugfpj0D0DGi4Fx.dqwo4.QawuuKyuniG','Chargé com',1,1,'2021-06-17 08:11:46','2021-06-17 08:11:46'),(296,'hamdaouirogoya1994@outlook.fr','rogaya','$2b$10$WTWFlkHpTn5hYOjOZVCSue.56Y5jLsRI3YSMA/V5VecTGh9hniC36','Chargé com',1,1,'2021-06-17 08:12:10','2021-06-17 08:12:10'),(297,'hamdaouirogoya1994@outlook.fr','rogaya','$2b$10$dPayq.thYjCinsuI1Y0bl..1gG84gUfBCCmrEO1iYMcViwUF3u/Uq','Chargé com',1,1,'2021-06-17 08:13:14','2021-06-17 08:13:14'),(298,'hamdaouirogoya1994@outlook.fr','rogaya','$2b$10$OUqzkJVg4mX.g3wIlD9P3OwqA82TbrgW3swmEWuZFlOleyUC6OjXi','Chargé com',1,1,'2021-06-17 08:14:02','2021-06-17 08:14:02'),(299,'hamdaouirogoya1994@outlook.fr','rogaya','$2b$10$J4IOTCViPeXVUw3TUEh0Iuq.7okEKH2pjKu58weZcG9EO1Uomg84q','Chargé com',1,1,'2021-06-17 08:14:04','2021-06-17 08:14:04'),(300,'hamdaouirogoya1994@outlook.fr','rogaya','$2b$10$Q3bMo9Ml/yX1mDyCwW8vXOd1iisNKwZ11yKKvXOVJEgfd3hQoTykW','Chargé com',1,1,'2021-06-17 08:14:18','2021-06-17 08:14:18'),(301,'hamdaouirogoya1994@outlook.fr','rogaya','$2b$10$QZPchXPeYweiNo/4zndfwOuba435G/H1bTAbWhN5T6lzR.HqDtONe','Chargé com',1,1,'2021-06-17 08:27:04','2021-06-17 08:27:04'),(302,'hamdaouirogoya1994@outlook.fr','rogaya','$2b$10$dKNCflRMbCnfoVp8bZKwxOxX1KaAOteER5Qz1CYoyc88XZcEkC29a','Chargé com',1,1,'2021-06-17 08:27:07','2021-06-17 08:27:07'),(303,'hamdaouirogoya1994@outlook.fr','rogaya','$2b$10$p1u6b2D34kyEFvDgUqJoY.12uIWSuDXQXpoBcp5xDKrF5qO1jcDbG','Chargé com',1,1,'2021-06-17 08:29:20','2021-06-17 08:29:20'),(304,'hamdaouirogoya1994@outlook.fr','rogaya','$2b$10$UpDVFLDN6cHacbfmxDEPv.MPk8bHWQqR4G8AmwDSPWJ0xfHGKaizi','Chargé com',1,1,'2021-06-17 08:29:31','2021-06-17 08:29:31'),(305,'hamdaouirogoya1994@outlook.fr','rogaya','$2b$10$Qhn2ykj7FBzP9osMxjrKUO6XCcTs2hrNskC6JSue.uDFVFraHONli','Chargé com',1,1,'2021-06-17 08:29:34','2021-06-17 08:29:34'),(306,'hamdaouirogoya1994@outlook.fr','rogaya','$2b$10$bc6O7L1bETpBjWfxZqGwKOLc2hbhgI18SLrpIzXUyvARf7jVqVIra','Chargé com',1,1,'2021-06-17 09:00:04','2021-06-17 09:00:04'),(307,'hamdaoui@hotmail.fr','Paul','$2b$10$Ps.zG4Vq7mw0pnxQ73O2ueH9/Y3757wljYwMTL8TBONNcZK5a9nQO','Assistante',0,0,'2021-06-17 09:28:30','2021-06-17 09:28:37'),(308,'paul@hotmail.fr','Paul','$2b$10$FFwvRBikO62fC.4ZuAjgqeevGNuj1IoQkUs.dKWOE6sXnlhvBiGDW','fullStack',0,1,'2021-06-17 09:30:08','2021-06-17 09:30:08'),(309,'hamdaouirogoya1994@outlook.fr','rogaya','$2b$10$sUwYxsrawqm5JjbRgBpVy.iwvA7e7sfC/C0UGpbzUZug9/zVayuP6','Chargé com',1,1,'2021-06-18 07:30:02','2021-06-18 07:30:02'),(310,'hamdaouirogoya1994@outlook.fr','rogaya','$2b$10$RLpzkrfnO8Wr1AiDy0rUnuZFea/Yplakxc6LvWHp42mTGZIQPMHE.','Chargé com',1,1,'2021-06-18 07:31:18','2021-06-18 07:31:18'),(311,'hamdaouirogoya1994@outlook.fr','rogaya','$2b$10$a56AUCPWmjRTIxFvHkwnN.F54g387DElp.42koUBNryxczaxSv09.','Chargé com',1,1,'2021-06-18 07:38:05','2021-06-18 07:38:05'),(312,'hamdaouirogoya1994@outlook.fr','rogaya','$2b$10$ZWTtlB1pnUm/uecqNR2ym.SMIVhDdmc.uO3LiQG15DWsPLURktgSW','Chargé com',1,1,'2021-06-18 07:38:07','2021-06-18 07:38:07'),(313,'hamdaouirogoya1994@outlook.fr','rogaya','$2b$10$Lw0krWkbXL6HpF.5xaFp4OYfU9AE5l971QzeOkJ/TNfizvAnIcheC','Chargé com',1,1,'2021-06-18 07:38:24','2021-06-18 07:38:24'),(314,'hamdaouirogoya1994@outlook.fr','rogaya','$2b$10$8/XbSiCKDUl/vw42u5vCVuZkohUEP6xVFpt21X8XAAaAHEBpf6g.G','Chargé com',1,1,'2021-06-18 07:40:24','2021-06-18 07:40:24'),(315,'hamdaouirogoya1994@outlook.fr','rogaya','$2b$10$YYSw/tOrImegYEGm/BgxyuIEDb1gU3Gt2kFie0S3mZ/rC0xaL68YW','Chargé com',1,1,'2021-06-18 07:40:35','2021-06-18 07:40:35'),(316,'hamdaouirogoya1994@outlook.fr','rogaya','$2b$10$oUbED47AdqBd8O8KimIPd.woJLZOeQ.4DntZ1a9BJPht3kbbbChwu','Chargé com',1,1,'2021-06-18 07:40:55','2021-06-18 07:40:55'),(317,'hamdaouirogoya1994@outlook.fr','rogaya','$2b$10$Ke2ZIy/ASl65MQFdJxegv.rPcEQ2/14l1npQyBtZ4EscltGLg30Oi','Chargé com',1,1,'2021-06-18 07:40:58','2021-06-18 07:40:58'),(318,'hamdaouirogoya1994@outlook.fr','rogaya','$2b$10$mEOHH6fCeLD/bNJ.Jekn5OD0HQfMUsQJK3Ihp5otjlv96AynSWj62','Chargé com',1,1,'2021-06-18 07:43:24','2021-06-18 07:43:24'),(319,'deniz@gmail.com','Deniz','$2b$10$Qc6cVVGQQcTGNcxl.yHpHeIAbjXPomNPnV7tigwVoYe1pHNSGNRiS','fullStack',0,1,'2021-06-20 10:05:26','2021-06-20 10:05:26'),(320,'carla@gmail.com','Carla','$2b$10$qXl.cO.IGB30sCDgWr/8.eJFmFfDVTCQFa4PYUgliX8IZXkC1j2N.','secretaire',0,1,'2021-06-20 17:18:33','2021-06-20 17:18:33'),(321,'laura@gmail.com','Laura','$2b$10$XvWIm/1RmKsr3LGfgQbyNeQglBM5jzNYRgTrQLq3ja2vapqcQlzlm','assistante',0,0,'2021-06-20 17:54:39','2021-06-20 17:56:25'),(322,'Kelly@gmail.com','Kelly','$2b$10$Or2yvXSMnQyrbcnDtwQap.CXBSJGV2LRlX4A728Rws2au/zQ7F7C6','designer',0,1,'2021-06-21 09:29:20','2021-06-21 09:29:20'),(323,'mohsen@gmail.com','Mohsen','$2b$10$DSonjdWE7ks.VBUgZS1SEO/TDq/tBS5uUX8eknwCUFokAM6ieggF.','backend',0,0,'2021-06-21 13:50:45','2021-06-21 13:51:08'),(324,'Laura@hotmail.fr','Laura','$2b$10$GDUI6Tj3A9NDUoGcHiyagOrNwQUqKpvPTeswtTp0GwOAdgePUhYCO','secretaire',0,1,'2021-06-21 13:51:30','2021-06-21 13:51:30');
/*!40000 ALTER TABLE `users` ENABLE KEYS */;
UNLOCK TABLES;
/*!40103 SET TIME_ZONE=@OLD_TIME_ZONE */;

/*!40101 SET SQL_MODE=@OLD_SQL_MODE */;
/*!40014 SET FOREIGN_KEY_CHECKS=@OLD_FOREIGN_KEY_CHECKS */;
/*!40014 SET UNIQUE_CHECKS=@OLD_UNIQUE_CHECKS */;
/*!40101 SET CHARACTER_SET_CLIENT=@OLD_CHARACTER_SET_CLIENT */;
/*!40101 SET CHARACTER_SET_RESULTS=@OLD_CHARACTER_SET_RESULTS */;
/*!40101 SET COLLATION_CONNECTION=@OLD_COLLATION_CONNECTION */;
/*!40111 SET SQL_NOTES=@OLD_SQL_NOTES */;

-- Dump completed on 2021-06-21 20:25:57
